file	keywords	title
ICASSP/2001/pap1581.txt	spoken dialog	FROM BROADCAST NEWS TO SPONTANEOUS DIALOGUE TRANSCRIPTION:
ICASSP/2001/pap1598.txt	spoken dialog	Over-complete Blind source separation by applying sparse decomposition and information the
ICASSP/2001/pap1998.txt	spoken dialog	DATA AUGMENTATION AND LANGUAGE MODEL ADAPTATION
ICASSP/2001/pap2004.txt	spoken dialog	USING SEMANTIC CLASS INFORMATION FOR RAPID DEVELOPMENT OF
ICASSP/2001/pap2289.txt	spoken dialog	ON-LINE LEARNING OF LANGUAGE MODELS WITH
ICASSP/2001/pap2311.txt	spoken dialog	MULTIPLE-REGRESSION HIDDEN MARKOV MODEL
ICASSP/2001/pap2385.txt	spoken dialog	TOWARDS TASK-INDEPENDENT SPEECH RECOGNITION
ICASSP/2001/pap284.txt	spoken dialog	TOPIC FOREST: A PLAN-BASED DIALOG MANAGEMENT STRUCTURE
ICASSP/2001/pap662.txt	spoken dialog	A Dynamic Semantic Model for Re-scoring Recognition Hypotheses
ICASSP/2001/pap686.txt	spoken dialog	CONFIDENCE MEASURES FOR SPOKEN DIALOGUE SYSTEMS
ICASSP/2002/1503.txt	spoken dialog	ASR SYSTEM MODELING FOR AUTOMATIC EVALUATION AND
ICASSP/2002/1971.txt	spoken dialog	PROBABILISTIC INTEGRATION OF MULTIPLE CONFIDENCE MEASURES AND
ICASSP/2002/2033.txt	backchannel	IMPLEMENTATION OF AUTOMATIC CAPITALISATION
ICASSP/2002/2148.txt	spoken dialog	COMBINING PRIOR KNOWLEDGE AND BOOSTING FOR CALL CLASSIFICATION IN
ICASSP/2002/2337.txt	spoken dialog	ACTIVE LEARNING FOR AUTOMATIC SPEECH RECOGNITION
ICASSP/2002/2919.txt	spoken dialog	AUDIO-VISUAL SPEECH TRANSLATION WITH AUTOMATIC LIP SYNCHRONIZATION
ICASSP/2002/3010.txt	spoken dialog	TURN{BASED LANGUAGE MODELING FOR SPOKEN DIALOG SYSTEMS
ICASSP/2002/3015.txt	spoken dialog	ESTIMATING SEMANTIC CONFIDENCE FOR SPOKEN DIALOGUE
ICASSP/2002/3067.txt	spoken dialog	ADAPTIVE LANGUAGE MODELS FOR SPOKEN DIALOGUE SYSTEMS
ICASSP/2002/3090.txt	backchannel	TEXT NORMALIZATION WITH VARIED DATA SOURCES
ICASSP/2002/3120.txt	spoken dialog	AUTOMATIC ESTIMATION OF ONE’S AGE WITH HIS/HER SPEECH
ICASSP/2002/3314.txt	spoken dialog	PHONE BASED VOICE ACTIVITY DETECTION USING ONLINE BAYESIAN
ICASSP/2003/01-00016.txt	spoken dialog	➠
ICASSP/2003/01-00264.txt	spoken dialog	➠
ICASSP/2003/01-00276.txt	spoken dialog	➠
ICASSP/2003/01-00328.txt	spoken dialog	➠
ICASSP/2003/01-00468.txt	spoken dialog	➠
ICASSP/2003/01-00624.txt	spoken dialog	➠
ICASSP/2003/01-00736.txt	spoken dialog	➠
ICASSP/2003/04-00740.txt	backchannel	➠
ICASSP/2003/04-00744.txt	spoken dialog	➠
ICASSP/2003/04-00792.txt	turn-taking	➠
ICASSP/2004/0100381.txt	spoken dialog	➠
ICASSP/2004/0100425.txt	spoken dialog	➠
ICASSP/2004/0100433.txt	spoken dialog	➠
ICASSP/2004/0100441.txt	spoken dialog	➠
ICASSP/2004/0100453.txt	spoken dialog	➠
ICASSP/2004/0100605.txt	turn-taking	➠
ICASSP/2004/0100757.txt	spoken dialog	➠
ICASSP/2004/0100781.txt	spoken dialog	➠
ICASSP/2004/0100793.txt	spoken dialog	➠
ICASSP/2004/0500293.txt	spoken dialog	➠
ICASSP/2005/0100025.txt	spoken dialog	➠
ICASSP/2005/0100037.txt	spoken dialog	➠
ICASSP/2005/0100041.txt	spoken dialog	➠
ICASSP/2005/0100085.txt	spoken dialog	➠
ICASSP/2005/0100093.txt	spoken dialog	➠
ICASSP/2005/0100265.txt	spoken dialog	➠
ICASSP/2005/0100357.txt	spoken dialog	➠
ICASSP/2005/0100489.txt	turn-taking	➠
ICASSP/2005/0100565.txt	spoken dialog	➠
ICASSP/2005/0100573.txt	spoken dialog	➠
ICASSP/2005/0100593.txt	spoken dialog	➠
ICASSP/2005/0100605.txt	spoken dialog	➠
ICASSP/2005/0101033.txt	spoken dialog	➠
ICASSP/2005/0101041.txt	spoken dialog	➠
ICASSP/2005/0101045.txt	spoken dialog	➠
ICASSP/2005/0101061.txt	backchannel	➠
ICASSP/2005/0500957.txt	backchannel	➠
ICASSP/2005/0501017.txt	spoken dialog	➠
ICASSP/2006/0100049.txt	turn-taking,spoken dialog	DYNAMIC BAYESIAN NETWORKS FOR NLU SIMULATION WITH APPLICATIONS TO
ICASSP/2006/0100053.txt	spoken dialog	TOWARDS LEARNING TO CONVERSE: STRUCTURING TASK-ORIENTED
ICASSP/2006/0100057.txt	spoken dialog	DIALOG DESIGN FOR USER ADAPTATION
ICASSP/2006/0100065.txt	spoken dialog	OPEN MICROPHONE SPEECH UNDERSTANDING:
ICASSP/2006/0100069.txt	spoken dialog	A SITUATION-BASED DIALOGUE MANAGEMENT USING DIALOGUE EXAMPLES
ICASSP/2006/0100185.txt	spoken dialog	POCKETSPHINX: A FREE, REAL-TIME CONTINUOUS SPEECH RECOGNITION SYSTEM
ICASSP/2006/0100357.txt	backchannel	SPEAKER OVERLAPS AND ASR ERRORS IN MEETINGS:
ICASSP/2006/0100425.txt	spoken dialog	Stress Level Classification of Speech Using Euclidean Distance Metrics
ICASSP/2006/0100549.txt	backchannel	DISCRIMINATIVELY TRAINED GAUSSIAN MIXTURE MODELS
ICASSP/2006/0100573.txt	spoken dialog	WEBTALK: TOWARDS AUTOMATICALLY BUILDING SPOKEN DIALOG SYSTEMS
ICASSP/2006/0100581.txt	backchannel	JOINT SEGMENTATION AND CLASSIFICATION
ICASSP/2006/0100585.txt	spoken dialog	MULTITASK LEARNING FOR SPOKEN LANGUAGE UNDERSTANDING
ICASSP/2006/0100809.txt	spoken dialog	DOUBLE-TALK FREE SPOKEN DIALOGUE INTERFACE
ICASSP/2006/0100993.txt	turn-taking	UNSUPERVISED LEARNING OF OVERLAPPED SPEECH MODEL PARAMETERS
ICASSP/2006/0101065.txt	spoken dialog	BOOTSTRAPPING LANGUAGE MODELS FOR SPOKEN DIALOG SYSTEMS
ICASSP/2007/0200685.txt	turn-taking	REAL-TIME MONITORING OF PARTICIPANTS’ INTERACTION IN A MEETING USING
ICASSP/2007/0400009.txt	spoken dialog	SPOKEN LANGUAGE UNDERSTANDING STRATEGIES ON THE FRANCE TELECOM 3000
ICASSP/2007/0400013.txt	spoken dialog	DYNAMIC BAYESIAN NETWORKS AND DISCRIMINATIVE CLASSIFIERS
ICASSP/2007/0400133.txt	backchannel	DBN BASED JOINT DIALOGUE ACT RECOGNITION OF MULTIPARTY MEETINGS
ICASSP/2007/0400145.txt	spoken dialog	SPEECH-BASED INTERACTIVE INFORMATION GUIDANCE SYSTEM
ICASSP/2007/0400149.txt	spoken dialog	THE HIDDEN INFORMATION STATE APPROACH TO DIALOG MANAGEMENT
ICASSP/2007/0400153.txt	backchannel	CONFIDENCE MEASURES FOR SEMI-AUTOMATIC LABELING OF DIALOG ACTS
ICASSP/2007/0400157.txt	spoken dialog	INSIGHTS GAINED FROM DEVELOPMENT AND LONG-TERM OPERATION OF A
ICASSP/2007/0400165.txt	turn-taking,spoken dialog	LEARNING TO GROUND IN SPOKEN DIALOGUE SYSTEMS
ICASSP/2008/0002197.txt	turn-taking	ESTIMATING THE DOMINANT PERSON IN MULTI-PARTY CONVERSATIONS USING
ICASSP/2008/0004313.txt	spoken dialog	A TURBO-STYLE ALGORITHM FOR LEXICAL BASEFORMS ESTIMATION
ICASSP/2008/0004937.txt	spoken dialog	BAYESIAN UPDATE OF DIALOGUE STATE FOR ROBUST DIALOGUE SYSTEMS
ICASSP/2008/0004941.txt	backchannel	EXPLOITING DIALOGUE ACT TAGGING AND PROSODIC INFORMATION
ICASSP/2008/0004953.txt	spoken dialog	OPTIMIZING SPEECH RECOGNITION GRAMMARS USING A MEASURE OF SIMILARITY
ICASSP/2008/0004989.txt	spoken dialog	LEARNING WITH NOISY SUPERVISION FOR SPOKEN LANGUAGE UNDERSTANDING
ICASSP/2008/0004993.txt	spoken dialog	EXTENSION OF HVS SEMANTIC PARSER BY ALLOWING LEFT-RIGHT BRANCHING
ICASSP/2008/0005001.txt	spoken dialog	IMPROVING SPOKEN LANGUAGE UNDERSTANDING
ICASSP/2008/0005021.txt	spoken dialog	ACCURATE STATISTICAL SPOKEN LANGUAGE UNDERSTANDING FROM LIMITED
ICASSP/2008/0005037.txt	spoken dialog	WHERE DO THE WORDS COME FROM?
ICASSP/2008/0005041.txt	spoken dialog	AN INSTANTANEOUS VECTOR REPRESENTATION OF DELTA PITCH FOR
ICASSP/2008/0005045.txt	spoken dialog	USING DIALOGUE ACTS TO LEARN BETTER REPAIR STRATEGIES FOR SPOKEN
ICASSP/2008/0005053.txt	backchannel	EXTRACTING QUESTION/ANSWER PAIRS IN MULTI-PARTY MEETINGS
ICASSP/2008/0005113.txt	spoken dialog	NAME-AWARE SPEECH RECOGNITION FOR INTERACTIVE QUESTION ANSWERING
ICASSP/2009/0001949.txt	backchannel	YOU ARE FIRED! NONVERBAL ROLE ANALYSIS IN COMPETITIVE MEETINGS
ICASSP/2009/0003681.txt	spoken dialog	SOURCE ADAPTIVE BLIND SIGNAL EXTRACTION USING CLOSED-FORM ICA FOR
ICASSP/2009/0003721.txt	backchannel	CO-ADAPTATION: ADAPTIVE CO-TRAINING FOR SEMI-SUPERVISED LEARNING
ICASSP/2009/0003941.txt	spoken dialog	VOICE SEARCH OF STRUCTURED MEDIA DATA
ICASSP/2009/0004305.txt	spoken dialog	THE USE OF ACOUSTICALLY DETECTED FILLED AND SILENT PAUSES IN
ICASSP/2009/0004641.txt	backchannel,turn-taking	CONVERSATION DETECTION IN AMBIENT TELEPHONY
ICASSP/2009/0004713.txt	spoken dialog	FROM RULE-BASED TO STATISTICAL GRAMMARS:
ICASSP/2009/0004721.txt	spoken dialog	MAXIMIZING GLOBAL ENTROPY REDUCTION FOR ACTIVE LEARNING IN SPEECH
ICASSP/2009/0004745.txt	turn-taking	SOCIAL CORRELATES OF TURN-TAKING BEHAVIOR
ICASSP/2009/0004749.txt	spoken dialog	SPOKEN LANGUAGE UNDERSTANDING FROM UNALIGNED DATA USING
ICASSP/2009/0004753.txt	backchannel	TOWARDS AUTOMATIC ARGUMENT DIAGRAMMING OF MULTIPARTY MEETINGS
ICASSP/2009/0004773.txt	spoken dialog	SPOKEN LANGUAGE INTERPRETATION:
ICASSP/2009/0004789.txt	spoken dialog	A BAYESIAN NETWORKS APPROACH FOR DIALOG MODELING: THE FUSION BN
ICASSP/2009/0004797.txt	spoken dialog	SPOKEN DIALOG STRATEGY BASED ON UNDERSTANDING GRAPH SEARCH
ICASSP/2010/0004238.txt	spoken dialog	WORD-LEVEL EMPHASIS MODELLING IN HMM-BASED SPEECH SYNTHESIS
ICASSP/2010/0004450.txt	spoken dialog	SEMANTIC CONFIDENCE CALIBRATION FOR SPOKEN DIALOG APPLICATIONS
ICASSP/2010/0004454.txt	spoken dialog	DISCRIMINATIVE CONFIDENCE AND ERROR CAUSE ESTIMATION
ICASSP/2010/0004486.txt	spoken dialog	INTEGRATION OF SPORADIC NOISE MODEL IN POMDP-BASED VOICE ACTIVITY
ICASSP/2010/0004630.txt	spoken dialog	A HMM-BASED SPEECH SYNTHESIS SYSTEM USING
ICASSP/2010/0004934.txt	spoken dialog	SEARCH ERROR RISK MINIMIZATION IN VITERBI BEAM SEARCH FOR SPEECH
ICASSP/2010/0005110.txt	spoken dialog	JOINTLY RECOGNIZING MULTI-SPEAKER CONVERSATIONS
ICASSP/2010/0005250.txt	turn-taking,spoken dialog	PREDICTING INTERRUPTIONS IN DYADIC SPOKEN INTERACTIONS
ICASSP/2010/0005366.txt	spoken dialog	THE LUNA SPOKEN DIALOGUE SYSTEM: BEYOND UTTERANCE CLASSIFICATION
ICASSP/2010/0005370.txt	spoken dialog	OPTIMIZE THE OBVIOUS: AUTOMATIC CALL FLOW GENERATION
ICASSP/2010/0005374.txt	backchannel	COMPARING THE CONTRIBUTIONS OF CONTEXT AND PROSODY
ICASSP/2010/0005382.txt	spoken dialog	INCREMENTAL PARTITION RECOMBINATION FOR EFFICIENT TRACKING OF
ICASSP/2010/0005430.txt	turn-taking	RANDOM ATTRIBUTED GRAPHS
ICASSP/2011/0001781.txt	spoken dialog	REAL-LIFE SPEECH-ENABLED SYSTEM TO ENHANCE INTERACTION WITH RFID
ICASSP/2011/0002156.txt	spoken dialog	BAYESIAN REINFORCEMENT LEARNING FOR POMDP-BASED DIALOGUE SYSTEMS
ICASSP/2011/0004812.txt	backchannel	CROSS-CHANNEL SPECTRAL SUBTRACTION FOR MEETING SPEECH RECOGNITION
ICASSP/2011/0005108.txt	spoken dialog	AN ANALYSIS OF MACHINE TRANSLATION AND SPEECH SYNTHESIS IN
ICASSP/2011/0005180.txt	spoken dialog	WHOLE WORD DISCRIMINATIVE POINT PROCESS MODELS
ICASSP/2011/0005216.txt	backchannel	OVERLAPPED SPEECH DETECTION USING LONG-TERM SPECTRO-TEMPORAL
ICASSP/2011/0005256.txt	spoken dialog	SYLLABIFICATION OF CONVERSATIONAL SPEECH USING BIDIRECTIONAL
ICASSP/2011/0005588.txt	spoken dialog	ROUND-ROBIN DUEL DISCRIMINATIVE LANGUAGE MODELS
ICASSP/2011/0005600.txt	turn-taking,spoken dialog	A SINGLE-PORT NON-PARAMETRIC MODEL OF
ICASSP/2011/0005612.txt	spoken dialog	COMBINATION OF STOCHASTIC UNDERSTANDING AND MACHINE
ICASSP/2011/0005696.txt	backchannel	EXPERIMENTS IN CONTEXT-INDEPENDENT RECOGNITION OF
ICASSP/2011/0005720.txt	spoken dialog	GENERATING AVATAR’S FACIAL EXPRESSIONS FROM EMOTIONAL STATES IN DAILY
ICASSP/2011/0005836.txt	backchannel,turn-taking,spoken dialog	ONLINE DETECTION OF VOCAL LISTENER RESPONSES
ICASSP/2012/0002189.txt	turn-taking	TRANSFER CROSS ENTROPY FOR FAST SOCIOMETRIC INFERENCE
ICASSP/2012/0002265.txt	spoken dialog	Classification of Emotional Content of Sighs in Dyadic Human Interactions
ICASSP/2012/0004393.txt	spoken dialog	MULTILEVEL SPEECH INTELLIGIBILITY FOR ROBUST SPEAKER RECOGNITION
ICASSP/2012/0004937.txt	backchannel,turn-taking	CORPUS-INDEPENDENT HISTORY COMPRESSION
ICASSP/2012/0004941.txt	turn-taking	ProfLifeLog: ENVIRONMENTAL ANALYSIS AND KEYWORD RECOGNITION FOR
ICASSP/2012/0004953.txt	spoken dialog	TRANSLATING NATURAL LANGUAGE UTTERANCES TO SEARCH QUERIES FOR SLU
ICASSP/2012/0004961.txt	spoken dialog	A BOOTSTRAPPING APPROACH FOR SLU PORTABILITY TO A NEW LANGUAGE
ICASSP/2012/0004977.txt	spoken dialog	IMPROVING NONNATIVE SPEECH UNDERSTANDING
ICASSP/2012/0004981.txt	spoken dialog	CLUSTERING BEHAVIORS OF SPOKEN DIALOGUE SYSTEMS USERS
ICASSP/2012/0004989.txt	spoken dialog	OFF-POLICY LEARNING IN LARGE-SCALE POMDP-BASED DIALOGUE SYSTEMS
ICASSP/2012/0004993.txt	spoken dialog	CACHE NEURAL NETWORK LANGUAGE MODELS BASED ON LONG-DISTANCE
ICASSP/2012/0005045.txt	spoken dialog	TOWARDS DEEPER UNDERSTANDING:
ICASSP/2012/0005057.txt	turn-taking	AUTOMATIC SPEAKER ROLE LABELING IN AMI MEETINGS: RECOGNITION OF
ICASSP/2012/0005061.txt	spoken dialog	UNSUPERVISED MODELING OF USER ACTIONS IN A DIALOG CORPUS
ICASSP/2012/0005089.txt	turn-taking	AUTOMATIC DETECTION OF CONFLICTS IN SPOKEN CONVERSATIONS:
ICASSP/2012/0005105.txt	backchannel	DETECTING LEADERSHIP AND COHESION IN SPOKEN INTERACTIONS
ICASSP/2012/0005129.txt	backchannel	DETECTING TARGETS OF ALIGNMENT MOVES IN MULTIPARTY DISCUSSIONS
ICASSP/2012/0005217.txt	backchannel	NETWORK LOCALIZATION FOR DISTRIBUTED TRANSMIT BEAM
ICASSP/2013/0003213.txt	spoken dialog	JACHMM: A JAVA-BASED CONDITIONED HIDDEN MARKOV MODEL LIBRARY
ICASSP/2013/0003702.txt	turn-taking	USING PHYSIOLOGY AND LANGUAGE CUES FOR MODELING VERBAL RESPONSE
ICASSP/2013/0003756.txt	backchannel	SPEECH-DRIVEN EYEBROW MOTION SYNTHESIS WITH CONTEXTUAL MARKOVIAN
ICASSP/2013/0006699.txt	spoken dialog	SYLL-O-MATIC:
ICASSP/2013/0006832.txt	spoken dialog	DISCRIMINATIVE RECOGNITION RATE ESTIMATION FOR N-BEST LIST
ICASSP/2013/0006895.txt	spoken dialog	SPEAKER’S INTENTIONS CONVEYED TO LISTENERS
ICASSP/2013/0007418.txt	spoken dialog	ASR ERROR DETECTION IN A CONVERSATIONAL
ICASSP/2013/0007746.txt	backchannel	IMPROVED OVERLAP SPEECH DIARIZATION OF MEETING RECORDINGS USING
ICASSP/2013/0007835.txt	backchannel	EVALUATION OF HMM-BASED LAUGHTER SYNTHESIS
ICASSP/2013/0007992.txt	spoken dialog	BOOTSTRAPPING TEXT-TO-SPEECH FOR SPEECH PROCESSING
ICASSP/2013/0008213.txt	spoken dialog	A DIALOGUE GAME FRAMEWORK WITH PERSONALIZED TRAINING USING
ICASSP/2013/0008252.txt	spoken dialog	INCORPORATING SEMANTIC INFORMATION TO SELECTION OF WEB TEXTS
ICASSP/2013/0008307.txt	spoken dialog	LATENT SEMANTIC MODELING FOR SLOT FILLING IN
ICASSP/2013/0008317.txt	spoken dialog	AN EMPIRICAL INVESTIGATION OF SPARSE LOG-LINEAR MODELS
ICASSP/2013/0008322.txt	spoken dialog	HIERARCHICAL DISCRIMINATIVE MODEL
ICASSP/2013/0008327.txt	spoken dialog	USING A KNOWLEDGE GRAPH AND QUERY CLICK LOGS FOR UNSUPERVISED
ICASSP/2013/0008332.txt	spoken dialog	A GRAPH-BASED CROSS-LINGUAL PROJECTION APPROACH FOR
ICASSP/2013/0008362.txt	backchannel,turn-taking,spoken dialog	CONTINUOUS ASR FOR FLEXIBLE INCREMENTAL DIALOGUE
ICASSP/2013/0008367.txt	spoken dialog	ON-LINE POLICY OPTIMISATION OF BAYESIAN SPOKEN DIALOGUE SYSTEMS VIA
ICASSP/2013/0008372.txt	spoken dialog	AUTOMATED TWO-WAY ENTRAINMENT TO IMPROVE SPOKEN DIALOG SYSTEM
ICASSP/2013/0008377.txt	spoken dialog	UNDERSTANDING COMPUTER-DIRECTED UTTERANCES IN MULTI-USER DIALOG
ICASSP/2013/0008382.txt	spoken dialog	MMDAGENT — A FULLY OPEN-SOURCE TOOLKIT
ICASSP/2013/0008386.txt	spoken dialog	ASGARD: A PORTABLE ARCHITECTURE FOR MULTILINGUAL DIALOGUE SYSTEMS
ICASSP/2013/0008391.txt	spoken dialog	“CAN YOU GIVE ME ANOTHER WORD FOR HYPERBARIC?”:
ICASSP/2013/0008460.txt	turn-taking,spoken dialog	CROSS-LANGUAGE PHRASE BOUNDARY DETECTION
ICASSP/2013/0008495.txt	spoken dialog	INTERACTION STYLE DETECTION BASED ON FUSED CROSS-CORRELATION MODEL
ICASSP/2013/0008604.txt	spoken dialog	RECENT ADVANCES IN DEEP LEARNING FOR SPEECH RESEARCH AT MICROSOFT
ICASSP/2014/p131-kim.txt	spoken dialog	2014 IEEE International Conference on Acoustic, Speech and Signal Processing (ICASSP)
ICASSP/2014/p2331-tam.txt	spoken dialog	2014 IEEE International Conference on Acoustic, Speech and Signal Processing (ICASSP)
ICASSP/2014/p255-bollepalli.txt	backchannel	2014 IEEE International Conference on Acoustic, Speech and Signal Processing (ICASSP)
ICASSP/2014/p2573-tsiakoulis.txt	backchannel,spoken dialog	2014 IEEE International Conference on Acoustic, Speech and Signal Processing (ICASSP)
ICASSP/2014/p2902-adami.txt	backchannel	2014 IEEE International Conference on Acoustic, Speech and Signal Processing (ICASSP)
ICASSP/2014/p3225-gaspers.txt	spoken dialog	2014 IEEE International Conference on Acoustic, Speech and Signal Processing (ICASSP)
ICASSP/2014/p3235-palogiannidi.txt	spoken dialog	2014 IEEE International Conference on Acoustic, Speech and Signal Processing (ICASSP)
ICASSP/2014/p3245-el_asri.txt	spoken dialog	2014 IEEE International Conference on Acoustic, Speech and Signal Processing (ICASSP)
ICASSP/2014/p3847-baumann.txt	spoken dialog	2014 IEEE International Conference on Acoustic, Speech and Signal Processing (ICASSP)
ICASSP/2014/p4100-ji.txt	spoken dialog	2014 IEEE International Conference on Acoustic, Speech and Signal Processing (ICASSP)
ICASSP/2014/p4110-wang.txt	spoken dialog	2014 IEEE International Conference on Acoustic, Speech and Signal Processing (ICASSP)
ICASSP/2014/p4120-tang.txt	spoken dialog	2014 IEEE International Conference on Acoustic, Speech and Signal Processing (ICASSP)
ICASSP/2014/p4876-yella.txt	turn-taking	2014 IEEE International Conference on Acoustic, Speech and Signal Processing (ICASSP)
ICASSP/2014/p5795-brown.txt	response timing	2014 IEEE International Conference on Acoustic, Speech and Signal Processing (ICASSP)
ICASSP/2014/p694-ishii.txt	turn-taking	2014 IEEE International Conference on Acoustic, Speech and Signal Processing (ICASSP)
ICASSP/2015/0002234.txt	backchannel	MODELING MUTUAL INFLUENCE OF MULTIMODAL BEHAVIOR IN AFFECTIVE
ICASSP/2015/0002319.txt	turn-taking	PREDICTING NEXT SPEAKER BASED ON HEAD MOVEMENT
ICASSP/2015/0004480.txt	spoken dialog	A MULTI-CHANNEL CORPUS FOR DISTANT-SPEECH INTERACTION
ICASSP/2015/0004719.txt	turn-taking	PROF-LIFE-LOG: ANALYSIS AND CLASSIFICATION OF ACTIVITIES
ICASSP/2015/0005241.txt	spoken dialog	LOCALIZED ERROR DETECTION FOR TARGETED CLARIFICATION
ICASSP/2015/0005266.txt	spoken dialog	WORD-SEMANTIC LATTICES FOR SPOKEN LANGUAGE UNDERSTANDING
ICASSP/2015/0005271.txt	spoken dialog	CONTEXTUAL SPOKEN LANGUAGE UNDERSTANDING USING
ICASSP/2015/0005316.txt	turn-taking,spoken dialog	ANNOTATING AND CATEGORIZING COMPETITION IN OVERLAP SPEECH
ICASSP/2015/0005346.txt	spoken dialog	KNOWLEDGE GRAPH INFERENCE FOR SPOKEN DIALOG SYSTEMS
ICASSP/2015/0005371.txt	spoken dialog	DISTRIBUTED DIALOGUE POLICIES FOR MULTI-DOMAIN STATISTICAL DIALOGUE
ICASSP/2015/0005376.txt	backchannel,turn-taking	AN INFORMATION-THEORETIC FRAMEWORK FOR AUTOMATED DISCOVERY
ICASSP/2016/0006045.txt	spoken dialog	ZERO-SHOT LEARNING OF INTENT EMBEDDINGS FOR EXPANSION
ICASSP/2016/0006085.txt	backchannel	A MULTIMODAL ANALYSIS OF SYNCHRONY DURING DYADIC INTERACTION USING A
ICASSP/2016/0006095.txt	spoken dialog	DISCOURSE CONNECTIVE DETECTION IN SPOKEN CONVERSATIONS
ICASSP/2016/0006125.txt	spoken dialog	QUESTION DETECTION FROM ACOUSTIC FEATURES USING RECURRENT NEURAL
ICASSP/2016/0006150.txt	spoken dialog	UNSUPERVISED USER INTENT MODELING
ICASSP/2017/0001193.txt	response timing	A SOFTWARE-DEFINED RADIO IMPLEMENTATION OF
ICASSP/2017/0002751.txt	spoken dialog	SPEECH EMOTION RECOGNITION WITH SKEW-ROBUST NEURAL NETWORKS
ICASSP/2017/0005000.txt	spoken dialog	ENSEMBLE FEATURE SELECTION FOR DOMAIN ADAPTATION IN SPEECH EMOTION
ICASSP/2017/0005010.txt	spoken dialog	PREDICTING DIALOGUE SUCCESS, NATURALNESS, AND LENGTH WITH ACOUSTIC
ICASSP/2017/0005150.txt	spoken dialog	LEARNING UTTERANCE-LEVEL REPRESENTATIONS FOR SPEECH EMOTION AND
ICASSP/2017/0005675.txt	spoken dialog	ENCODER-DECODER WITH FOCUS-MECHANISM FOR SEQUENCE LABELLING BASED
ICASSP/2017/0005680.txt	turn-taking	A DEEP LEARNING APPROACH
ICASSP/2017/0005690.txt	spoken dialog	END-TO-END JOINT LEARNING OF NATURAL LANGUAGE UNDERSTANDING AND
ICASSP/2017/0005715.txt	turn-taking	DIALOG CONTEXT LANGUAGE MODELING WITH RECURRENT NEURAL NETWORKS
ICASSP/2017/0005725.txt	spoken dialog	LEARNING CONCEPTS THROUGH CONVERSATIONS IN SPOKEN DIALOGUE SYSTEMS
ICASSP/2018/0002636.txt	turn-taking	AUTOMATIC CONFLICT DETECTION IN POLICE BODY-WORN AUDIO
ICASSP/2018/0004964.txt	spoken dialog	SOFT-TARGET TRAINING WITH AMBIGUOUS EMOTIONAL UTTERANCES
ICASSP/2018/0005249.txt	turn-taking	LEVERAGING LSTM MODELS FOR OVERLAP DETECTION IN MULTI-PARTY MEETINGS
ICASSP/2018/0005384.txt	backchannel	EFFICIENT INTEGRATION OF FIXED BEAMFORMERS AND SPEECH SEPARATION
ICASSP/2018/0006034.txt	spoken dialog	(ALMOST) ZERO-SHOT CROSS-LINGUAL SPOKEN LANGUAGE UNDERSTANDING
ICASSP/2018/0006039.txt	spoken dialog	NEURAL CONFNET CLASSIFICATION: FULLY NEURAL NETWORK BASED SPOKEN
ICASSP/2018/0006049.txt	spoken dialog	SEMI-SUPERVISED TRAINING USING ADVERSARIAL MULTI-TASK LEARNING FOR
ICASSP/2018/0006054.txt	spoken dialog	A JOINT MULTI-TASK LEARNING FRAMEWORK FOR SPOKEN LANGUAGE
ICASSP/2018/0006059.txt	spoken dialog	INCORPORATING ASR ERRORS WITH ATTENTION-BASED, JOINTLY TRAINED RNN
ICASSP/2018/0006064.txt	spoken dialog	TOWARDS SCALABLE INFORMATION-SEEKING MULTI-DOMAIN DIALOGUE
ICASSP/2018/0006069.txt	spoken dialog	BENCHMARKING UNCERTAINTY ESTIMATES WITH
ICASSP/2018/0006074.txt	spoken dialog	POLICY ADAPTATION FOR DEEP REINFORCEMENT LEARNING-BASED DIALOGUE
ICASSP/2018/0006084.txt	backchannel	LANGUAGE MODEL DOMAIN ADAPTATION VIA RECURRENT NEURAL NETWORKS
ICASSP/2018/0006099.txt	spoken dialog	RESCORING N-BEST SPEECH RECOGNITION LIST BASED ON ONE-ON-ONE
ICASSP/2018/0006144.txt	spoken dialog	ATTENTION-BASED DIALOG STATE TRACKING FOR CONVERSATIONAL
ICASSP/2018/0006159.txt	backchannel,turn-taking,spoken dialog	IMPROVING END-OF-TURN DETECTION IN SPOKEN DIALOGUES BY DETECTING
ICASSP/2018/0006169.txt	backchannel	NOVEL REALIZATIONS OF SPEECH-DRIVEN HEAD MOVEMENTS WITH GENERATIVE
ICASSP/2018/0006179.txt	spoken dialog	ROBUST SPOKEN LANGUAGE UNDERSTANDING WITH UNSUPERVISED ASR-ERROR
ICASSP/2018/0006214.txt	backchannel	AN END-TO-END APPROACH TO JOINT SOCIAL SIGNAL DETECTION
ICASSP/2018/0006573.txt	backchannel,turn-taking	AUDIO-VISUAL CONVERSATION ANALYSIS
ICASSP/2018/0006842.txt	turn-taking	DEPRESSION SPEAKS: AUTOMATIC DISCRIMINATION BETWEEN DEPRESSED AND
ICASSP/2018/0006976.txt	spoken dialog	AUGMENTING CLASSROOMS WITH AI FOR PERSONALIZED EDUCATION
ICASSP/2019/0002732.txt	spoken dialog	COMPUTATIONAL COGNITIVE ASSESSMENT: INVESTIGATING THE USE OF AN
ICASSP/2019/0003072.txt	spoken dialog	JOINT ON-LINE LEARNING OF A ZERO-SHOT SPOKEN SEMANTIC PARSER AND A
ICASSP/2019/0005956.txt	spoken dialog	CROSS-LINGUAL TRANSFER LEARNING FOR SPOKEN LANGUAGE UNDERSTANDING
ICASSP/2019/0006276.txt	spoken dialog	TOKEN-WISE TRAINING FOR ATTENTION BASED END-TO-END
ICASSP/2019/0006455.txt	backchannel	ENGLISH BROADCAST NEWS SPEECH RECOGNITION BY HUMANS AND MACHINES
ICASSP/2019/0006605.txt	backchannel	IMPROVING THE PREDICTION OF THERAPIST BEHAVIORS IN ADDICTION
ICASSP/2019/0006685.txt	spoken dialog	AN INTERACTION-AWARE ATTENTION NETWORK FOR SPEECH EMOTION
ICASSP/2019/0006925.txt	backchannel,turn-taking	CASTING TO CORPUS: SEGMENTING AND SELECTING SPONTANEOUS DIALOGUE FOR
ICASSP/2019/0007200.txt	spoken dialog	DYNAMICALLY CONTEXT-SENSITIVE TIME-DECAY ATTENTION
ICASSP/2019/0007210.txt	spoken dialog	CURIOSITY-DRIVEN REINFORCEMENT LEARNING FOR DIALOGUE MANAGEMENT
ICASSP/2019/0007220.txt	spoken dialog	DIALOGUE STATE TRACKING WITH CONVOLUTIONAL SEMANTIC TAGGERS
ICASSP/2019/0007305.txt	spoken dialog	A HIERARCHICAL DECODING MODEL FOR SPOKEN LANGUAGE UNDERSTANDING
ICASSP/2019/0007320.txt	spoken dialog	IMPROVING HUMAN-COMPUTER INTERACTION IN LOW-RESOURCE SETTINGS
ICASSP/2019/0008112.txt	spoken dialog	NEURAL APPROACHES TO AUTOMATED SPEECH SCORING OF MONOLOGUE AND
ICASSP/2020/0006474.txt	spoken dialog	A DIALOGICAL EMOTION DECODER FOR SPEECH EMOTION RECOGNITION IN
ICASSP/2020/0006534.txt	turn-taking	AUTOMATIC PREDICTION OF SUICIDAL RISK IN MILITARY COUPLES
ICASSP/2020/0007989.txt	spoken dialog	A HIERARCHICAL MODEL FOR DIALOG ACT RECOGNITION CONSIDERING
ICASSP/2020/0008004.txt	spoken dialog	LEARNING ASR-ROBUST CONTEXTUALIZED EMBEDDINGS
ICASSP/2020/0008009.txt	spoken dialog	A HIERARCHICAL TRACKER FOR MULTI-DOMAIN DIALOGUE STATE TRACKING
ICASSP/2020/0008019.txt	spoken dialog	IMPROVING SAMPLE-EFFICIENCY IN REINFORCEMENT LEARNING FOR DIALOGUE
ICASSP/2020/0008024.txt	spoken dialog	FG2SEQ: EFFECTIVELY ENCODING KNOWLEDGE FOR END-TO-END TASK-ORIENTED
ICASSP/2020/0008034.txt	spoken dialog	FAST DOMAIN ADAPTATION FOR GOAL-ORIENTED DIALOGUE
ICASSP/2020/0008039.txt	turn-taking	PREDICTING PERFORMANCE OUTCOME WITH A CONVERSATIONAL GRAPH
ICASSP/2020/0008049.txt	turn-taking	COMBINING ACOUSTICS, CONTENT AND INTERACTION FEATURES TO FIND
ICASSP/2020/0008059.txt	backchannel	OH, JEEZ! OR UH-HUH?
ICASSP/2020/0008099.txt	turn-taking	HOW CONFIDENT ARE YOU? EXPLORING THE ROLE OF FILLERS IN THE AUTOMATIC
ICASSP/2020/0008514.txt	spoken dialog	A DATA EFFICIENT END-TO-END SPOKEN LANGUAGE UNDERSTANDING ARCHITECTURE
ICASSP/2021/0005714.txt	spoken dialog	MULTI-SPEAKER EMOTIONAL SPEECH SYNTHESIS WITH FINE-GRAINED PROSODY
ICASSP/2021/0005734.txt	turn-taking	CONTINUOUS SPEECH SEPARATION WITH CONFORMER
ICASSP/2021/0005784.txt	turn-taking	SPEAKER EMBEDDINGS FOR DIARIZATION OF
ICASSP/2021/0006064.txt	spoken dialog	IMPROVING PROSODY MODELLING WITH CROSS-UTTERANCE BERT EMBEDDINGS
ICASSP/2021/0006254.txt	spoken dialog	EMOTION RECOGNITION BY FUSING TIME SYNCHRONOUS AND
ICASSP/2021/0006259.txt	spoken dialog	SPEECH EMOTION RECOGNITION BASED ON LISTENER ADAPTIVE MODELS
ICASSP/2021/0006368.txt	spoken dialog	BLSTM-BASED CONFIDENCE ESTIMATION FOR END-TO-END SPEECH RECOGNITION
ICASSP/2021/0006378.txt	spoken dialog	LEARNING WORD-LEVEL CONFIDENCE FOR SUBWORD END-TO-END ASR
ICASSP/2021/0007228.txt	turn-taking	MODELLING PARALINGUISTIC PROPERTIES IN CONVERSATIONAL SPEECH TO
ICASSP/2021/0007243.txt	spoken dialog	MULTI-TASK ESTIMATION OF AGE AND COGNITIVE DECLINE FROM SPEECH
ICASSP/2021/0007393.txt	backchannel,response timing,spoken dialog	TOWARDS IMMEDIATE BACKCHANNEL GENERATION USING ATTENTION-BASED
ICASSP/2021/0007438.txt	spoken dialog	ACOUSTICS BASED INTENT RECOGNITION USING DISCOVERED PHONETIC UNITS
ICASSP/2021/0007458.txt	spoken dialog	DO AS I MEAN, NOT AS I SAY:
ICASSP/2021/0007473.txt	spoken dialog	SENTIMENT INJECTED ITERATIVELY CO-INTERACTIVE NETWORK
ICASSP/2021/0007633.txt	spoken dialog	KNOWLEDGE-BASED CHAT DETECTION WITH FALSE MENTION DISCRIMINATION
ICASSP/2021/0007763.txt	spoken dialog	VARIATIONAL DIALOGUE GENERATION WITH NORMALIZING FLOWS
ICASSP/2021/0008593.txt	spoken dialog	THE HUYA MULTI-SPEAKER AND MULTI-STYLE SPEECH SYNTHESIS SYSTEM FOR
ICASSP/2021/LSP.2020.2998361.txt	spoken dialog	960
ICASSP/2022/0006922.txt	spoken dialog	SPEECH EMOTION RECOGNITION USING SELF-SUPERVISED FEATURES
ICASSP/2022/0007027.txt	spoken dialog	A COMMONSENSE KNOWLEDGE ENHANCED NETWORK WITH RETROSPECTIVE
ICASSP/2022/0007047.txt	backchannel,spoken dialog	A NEURAL PROSODY ENCODER FOR END-TO-END DIALOGUE ACT CLASSIFICATION
ICASSP/2022/0007107.txt	spoken dialog	AN EXPLORATION OF HUBERT WITH LARGE NUMBER OF CLUSTER UNITS
ICASSP/2022/0007152.txt	spoken dialog	INTEGRATION OF PRE-TRAINED NETWORKS WITH CONTINUOUS TOKEN INTERFACE
ICASSP/2022/0007497.txt	spoken dialog	TOWARDS END-TO-END INTEGRATION OF DIALOG HISTORY FOR IMPROVED SPOKEN
ICASSP/2022/0007617.txt	spoken dialog	A GRAPH ATTENTION INTERACTIVE REFINE FRAMEWORK WITH CONTEXTUAL
ICASSP/2022/0007622.txt	turn-taking	ADJACENCY PAIRS-AWARE HIERARCHICAL ATTENTION NETWORKS FOR DIALOGUE
ICASSP/2022/0007747.txt	turn-taking,spoken dialog	GATED MULTIMODAL FUSION WITH CONTRASTIVE LEARNING FOR TURN-TAKING
ICASSP/2022/0007917.txt	spoken dialog	ENHANCING SPEAKING STYLES IN CONVERSATIONAL TEXT-TO-SPEECH SYNTHESIS
ICASSP/2022/0008092.txt	backchannel	ASR-AWARE END-TO-END NEURAL DIARIZATION
ICASSP/2022/0008372.txt	spoken dialog	TOWARDS END-TO-END SPEAKER DIARIZATION WITH GENERALIZED NEURAL
ICASSP/2022/0008492.txt	turn-taking	ENTRAINMENT ANALYSIS FOR ASSESSMENT OF AUTISTIC SPEECH PROSODY USING
ICASSP/2023/2043.txt	spoken dialog	DAILYTALK: SPOKEN DIALOGUE DATASET FOR CONVERSATIONAL TEXT-TO-SPEECH
ICASSP/2023/2615.txt	turn-taking	ADAPTIVE ENDPOINTING WITH DEEP CONTEXTUAL MULTI-ARMED BANDITS
ICASSP/2023/3092.txt	spoken dialog	Multi-modal ASR error correction with joint ASR error detection
ICASSP/2023/3093.txt	spoken dialog	JOINT MODELING FOR ASR CORRECTION AND DIALOG STATE TRACKING
ICASSP/2023/3815.txt	spoken dialog	A BIDIRECTIONAL JOINT MODEL FOR SPOKEN LANGUAGE UNDERSTANDING
ICASSP/2023/3864.txt	turn-taking	SPEAKER-AWARE HIERARCHICAL TRANSFORMER FOR PERSONALITY
ICASSP/2023/4371.txt	spoken dialog	SUFFIX RETRIEVAL-AUGMENTED LANGUAGE MODELING
ICASSP/2023/4648.txt	spoken dialog	MULTIMODAL DYADIC IMPRESSION RECOGNITION VIA LISTENER ADAPTIVE
ICASSP/2023/4819.txt	spoken dialog	END-TO-END SPOKEN LANGUAGE UNDERSTANDING
ICASSP/2023/4876.txt	spoken dialog	ABSTRACT REPRESENTATION FOR MULTI-INTENT SPOKEN LANGUAGE
ICASSP/2023/5069.txt	spoken dialog	JOINT MODELLING OF SPOKEN LANGUAGE UNDERSTANDING TASKS WITH
ICASSP/2023/5331.txt	backchannel,turn-taking,spoken dialog	MODELING TURN-TAKING IN HUMAN-TO-HUMAN SPOKEN DIALOGUE DATASETS
ICASSP/2023/5342.txt	turn-taking	ADAPTING SELF-SUPERVISED MODELS TO MULTI-TALKER SPEECH RECOGNITION
ICASSP/2023/636.txt	backchannel	HAG: HIERARCHICAL ATTENTION WITH GRAPH NETWORK FOR DIALOGUE ACT
ICASSP/2024/0000076.txt	turn-taking	SERC-GCN: SPEECH EMOTION RECOGNITION IN CONVERSATION USING
ICASSP/2024/0000444.txt	backchannel,turn-taking	A CROSS-TALK ROBUST MULTICHANNEL VAD MODEL FOR MULTIPARTY AGENT
ICASSP/2024/0006995.txt	spoken dialog	GPT-4 DRIVEN CINEMATIC MUSIC GENERATION THROUGH TEXT PROCESSING
ICASSP/2024/0007835.txt	turn-taking	SELF-MOTION AS SUPERVISION FOR EGOCENTRIC AUDIOVISUAL LOCALIZATION
ICASSP/2024/0008050.txt	turn-taking	3M-TRANSFORMER: A MULTI-STAGE MULTI-STREAM MULTIMODAL TRANSFORMER
ICASSP/2024/0008240.txt	turn-taking	MODALITY DROP-OUT FOR MULTIMODAL DEVICE DIRECTED SPEECH DETECTION
ICASSP/2024/0010316.txt	spoken dialog	PARALINGUISTICS-ENHANCED LARGE LANGUAGE MODELING OF
ICASSP/2024/0011281.txt	turn-taking	NTT SPEAKER DIARIZATION SYSTEM FOR CHIME-7: MULTI-DOMAIN,
ICASSP/2024/0011366.txt	spoken dialog	VILAS: EXPLORING THE EFFECTS OF VISION AND LANGUAGE CONTEXT
ICASSP/2024/0011426.txt	backchannel	CONSIDERING TEMPORAL CONNECTION BETWEEN TURNS FOR CONVERSATIONAL
ICASSP/2024/0012056.txt	spoken dialog	RETRIEVAL AUGMENTED END-TO-END SPOKEN DIALOG MODELS
ICASSP/2024/0012121.txt	backchannel,turn-taking,spoken dialog	TURN-TAKING AND BACKCHANNEL PREDICTION WITH
ICASSP/2025/1288.txt	spoken dialog	Speech Retrieval-Augmented Generation without
ICASSP/2025/1816.txt	spoken dialog	Span Attention for Entity-Consistent Task-Oriented
ICASSP/2025/2274.txt	backchannel,turn-taking	Active Listener: Continuous Generation of Listener’s Head Motion Response in Dyadic
ICASSP/2025/2552.txt	backchannel,turn-taking,spoken dialog	SLIDE: Integrating Speech Language Model with
ICASSP/2025/385.txt	turn-taking	Which Prosodic Features Matter Most for Pragmatics?
ICASSP/2025/6037.txt	backchannel,turn-taking	Multimodal Machine Learning Can Predict
ICASSP/2025/7303.txt	spoken dialog	Leveraging Chain of Thought towards Empathetic Spoken
ICASSP/2026/0002056.txt	spoken dialog	EVALUATING BIAS IN SPOKEN DIALOGUE LLMS
ICASSP/2026/0004076.txt	turn-taking	LEARNING TIME-VARYING TURN-TAKING BEHAVIOR IN GROUP CONVERSATIONS
ICASSP/2026/0005996.txt	turn-taking	ACOUSTIC AND FACIAL MARKERS OF PERCEIVED CONVERSATIONAL SUCCESS IN
ICASSP/2026/0013412.txt	backchannel	CONTENT ANONYMIZATION FOR PRIVACY IN LONG-FORM AUDIO
ICASSP/2026/0014727.txt	turn-taking	LOW-LATENCY AUDIO FRONT-END REGION-OF-INTEREST BEAMFORMING FOR
ICASSP/2026/0015542.txt	spoken dialog	TAU: A BENCHMARK FOR CULTURAL SOUND UNDERSTANDING BEYOND SEMANTICS
ICASSP/2026/0016112.txt	spoken dialog	CROSS-MODAL KNOWLEDGE DISTILLATION FOR SPEECH LARGE LANGUAGE
ICASSP/2026/0016137.txt	turn-taking	PERSONAPLEX: VOICE AND ROLE CONTROL FOR FULL DUPLEX CONVERSATIONAL
ICASSP/2026/0016272.txt	backchannel,turn-taking,spoken dialog	STILL THINKING OR STOPPED TALKING? DIALOGUE SILENCE INTENTION
ICASSP/2026/0016302.txt	backchannel,turn-taking	GAME-TIME: EVALUATING TEMPORAL DYNAMICS IN SPOKEN LANGUAGE MODELS
ICASSP/2026/0016307.txt	turn-taking	THE ROLE OF PROSODIC AND LEXICAL CUES IN TURN-TAKING WITH
ICASSP/2026/0016642.txt	spoken dialog	IN-SYNC: ADAPTATION OF SPEECH AWARE LARGE LANGUAGE MODELS FOR ASR WITH
ICASSP/2026/0016717.txt	turn-taking	ADAPTING DIARIZATION-CONDITIONED WHISPER FOR END-TO-END MULTI-TALKER
ICASSP/2026/0016727.txt	turn-taking	SCALING MULTI-TALKER ASR WITH SPEAKER-AGNOSTIC ACTIVITY STREAMS
ICASSP/2026/0016957.txt	backchannel,turn-taking,spoken dialog	EASY TURN: INTEGRATING ACOUSTIC AND LINGUISTIC MODALITIES FOR ROBUST
ICASSP/2026/0016972.txt	spoken dialog	HORIZON: A UNIFIED FRAMEWORK FOR PHASE-WISE RETRIEVAL-GENERATION
ICASSP/2026/0017072.txt	spoken dialog	CTC-DID: CTC-BASED ARABIC DIALECT IDENTIFICATION FOR STREAMING
ICASSP/2026/0017302.txt	turn-taking	VOCALNET-M2: ADVANCING LOW-LATENCY SPOKEN LANGUAGE MODELING VIA
ICASSP/2026/0017462.txt	turn-taking	A FRAMEWORK FOR CONTROLLED MULTI-SPEAKER AUDIO SYNTHESIS FOR
ICASSP/2026/0017862.txt	spoken dialog	ECHORAG: A TWO-STAGE FRAMEWORK FOR AUDIO-TEXT RETRIEVAL AND
ICASSP/2026/0017872.txt	backchannel	Z-SCORES: A METRIC FOR LINGUISTICALLY ASSESSING DISFLUENCY REMOVAL
ICASSP/2026/0018112.txt	backchannel,turn-taking,spoken dialog	ENHANCING DIALOGUE-RELATED SPEECH TASKS WITH
ICASSP/2026/0018392.txt	spoken dialog	MTP-S2UT: ENHANCING SPEECH-TO-SPEECH TRANSLATION QUALITY WITH
ICASSP/2026/0018617.txt	spoken dialog	CC-G2PNP: STREAMING GRAPHEME-TO-PHONEME AND PROSODY
ICASSP/2026/0018777.txt	turn-taking	FROM INDEPENDENCE TO INTERACTION: SPEAKER-AWARE SIMULATION OF
ICASSP/2026/0019417.txt	backchannel,turn-taking,spoken dialog	PARALINGUISTIC EMOTION-AWARE VALIDATION TIMING DETECTION
ICASSP/2026/0019442.txt	spoken dialog	SUMMARY ON THE MULTILINGUAL CONVERSATIONAL SPEECH LANGUAGE MODEL
ICASSP/2026/0019447.txt	backchannel,turn-taking,spoken dialog	FULL-DUPLEX-BENCH V1.5: EVALUATING OVERLAP HANDLING FOR FULL-DUPLEX
ICASSP/2026/0019867.txt	spoken dialog	BENCHMARKING GASLIGHTING ATTACKS AGAINST SPEECH LARGE LANGUAGE
ICASSP/2026/0021826.txt	backchannel,turn-taking,spoken dialog	HUMAN-MACHINE FULL-DUPLEX DIALOGUE SYSTEM WITH LEFT-RIGHT BRAIN
ICASSP/2026/0021835.txt	spoken dialog	A DUAL-STREAM COGNITIVE ENHANCEMENT DIALOGUE SYSTEM FOR THE ICASSP
ICASSP/2026/0021841.txt	backchannel,turn-taking,spoken dialog	UNIT-BASED AGENT FOR SEMI-CASCADED FULL-DUPLEX DIALOGUE SYSTEMS
ICASSP/2026/0021850.txt	turn-taking,spoken dialog	THE ICASSP 2026 HUMDIAL CHALLENGE: BENCHMARKING HUMAN-LIKE SPOKEN
ICASSP/2026/0021856.txt	spoken dialog	A UNIFIED SPOKEN LANGUAGE MODEL WITH INJECTED EMOTIONAL-ATTRIBUTION
ICASSP/2026/0021987.txt	spoken dialog	LOW-RESOURCE AUDIO CODEC (LRAC): 2025 CHALLENGE DESCRIPTION
ICASSP/2026/0022687.txt	turn-taking	THE RL-R CHAT DATASET: EGOCENTRIC CONVERSATIONS AMONG FAMILIAR
InterSpeech/2007/INDEXSCR.txt	spoken dialog	Hub Page
InterSpeech/2007/IS070035.txt	spoken dialog	INTERSPEECH 2007
InterSpeech/2007/IS070038.txt	spoken dialog	INTERSPEECH 2007
InterSpeech/2007/IS070059.txt	spoken dialog	INTERSPEECH 2007
InterSpeech/2007/IS070188.txt	backchannel,turn-taking	INTERSPEECH 2007
InterSpeech/2007/IS070217.txt	spoken dialog	INTERSPEECH 2007
InterSpeech/2007/IS070225.txt	backchannel	INTERSPEECH 2007
InterSpeech/2007/IS070250.txt	spoken dialog	INTERSPEECH 2007
InterSpeech/2007/IS070289.txt	backchannel,spoken dialog	INTERSPEECH 2007
InterSpeech/2007/IS070315.txt	spoken dialog	INTERSPEECH 2007
InterSpeech/2007/IS070321.txt	spoken dialog	INTERSPEECH 2007
InterSpeech/2007/IS070330.txt	spoken dialog	INTERSPEECH 2007
InterSpeech/2007/IS070342.txt	spoken dialog	INTERSPEECH 2007
InterSpeech/2007/IS070366.txt	backchannel	INTERSPEECH 2007
InterSpeech/2007/IS070371.txt	spoken dialog	INTERSPEECH 2007
InterSpeech/2007/IS070378.txt	spoken dialog	INTERSPEECH 2007
InterSpeech/2007/IS070440.txt	spoken dialog	INTERSPEECH 2007
InterSpeech/2007/IS070444.txt	backchannel	INTERSPEECH 2007
InterSpeech/2007/IS070481.txt	spoken dialog	INTERSPEECH 2007
InterSpeech/2007/IS070501.txt	spoken dialog	INTERSPEECH 2007
InterSpeech/2007/IS070516.txt	backchannel,turn-taking,response timing,spoken dialog	INTERSPEECH 2007
InterSpeech/2007/IS070568.txt	spoken dialog	INTERSPEECH 2007
InterSpeech/2007/IS070650.txt	spoken dialog	INTERSPEECH 2007
InterSpeech/2007/IS070665.txt	spoken dialog	INTERSPEECH 2007
InterSpeech/2007/IS070668.txt	backchannel,turn-taking	INTERSPEECH 2007
InterSpeech/2007/IS070678.txt	spoken dialog	INTERSPEECH 2007
InterSpeech/2007/IS070726.txt	spoken dialog	INTERSPEECH 2007
InterSpeech/2007/IS070741.txt	backchannel,spoken dialog	INTERSPEECH 2007
InterSpeech/2007/IS070766.txt	spoken dialog	INTERSPEECH 2007
InterSpeech/2007/IS070802.txt	spoken dialog	INTERSPEECH 2007
InterSpeech/2007/IS070834.txt	spoken dialog	INTERSPEECH 2007
InterSpeech/2007/IS070837.txt	spoken dialog	INTERSPEECH 2007
InterSpeech/2007/IS070869.txt	spoken dialog	INTERSPEECH 2007
InterSpeech/2007/IS070889.txt	spoken dialog	INTERSPEECH 2007
InterSpeech/2007/IS070933.txt	spoken dialog	INTERSPEECH 2007
InterSpeech/2007/IS070936.txt	spoken dialog	INTERSPEECH 2007
InterSpeech/2007/IS071000.txt	spoken dialog	INTERSPEECH 2007
InterSpeech/2007/IS071009.txt	spoken dialog	INTERSPEECH 2007
InterSpeech/2007/IS071024.txt	spoken dialog	INTERSPEECH 2007
InterSpeech/2007/IS071049.txt	spoken dialog	INTERSPEECH 2007
InterSpeech/2007/IS071095.txt	spoken dialog	INTERSPEECH 2007
InterSpeech/2007/IS071109.txt	spoken dialog	INTERSPEECH 2007
InterSpeech/2007/IS071111.txt	spoken dialog	INTERSPEECH 2007
InterSpeech/2007/IS071122.txt	spoken dialog	INTERSPEECH 2007
InterSpeech/2007/IS071140.txt	spoken dialog	INTERSPEECH 2007
InterSpeech/2007/IS071183.txt	spoken dialog	INTERSPEECH 2007
InterSpeech/2007/IS071186.txt	spoken dialog	INTERSPEECH 2007
InterSpeech/2007/IS071196.txt	spoken dialog	INTERSPEECH 2007
InterSpeech/2007/IS071221.txt	turn-taking	INTERSPEECH 2007
InterSpeech/2007/IS071224.txt	backchannel,turn-taking,spoken dialog	INTERSPEECH 2007
InterSpeech/2007/IS071225.txt	spoken dialog	INTERSPEECH 2007
InterSpeech/2007/IS071249.txt	backchannel	INTERSPEECH 2007
InterSpeech/2007/IS071291.txt	backchannel	INTERSPEECH 2007
InterSpeech/2007/IS071299.txt	spoken dialog	INTERSPEECH 2007
InterSpeech/2007/IS072002.txt	spoken dialog	INTERSPEECH 2007
InterSpeech/2008/INDEXSCR.txt	spoken dialog	Hub Page
InterSpeech/2008/IS080010.txt	spoken dialog	The best of both worlds: Unifying conventional dialog systems and POMDPs
InterSpeech/2008/IS080212.txt	spoken dialog	MeMo Workbench for Semi-Automated Usability Testing
InterSpeech/2008/IS080220.txt	spoken dialog	Predicting ASR Errors by Exploiting Barge-In Rate of Individual Users
InterSpeech/2008/IS080235.txt	spoken dialog	Discrimination of Task-Related Words for Vocabulary Design of Spoken
InterSpeech/2008/IS080300.txt	spoken dialog	Exploiting the ASR N-Best by tracking multiple dialog state hypotheses
InterSpeech/2008/IS080369.txt	spoken dialog	A Spoken Language Interpretation Component for a Robot Dialogue System
InterSpeech/2008/IS080405.txt	spoken dialog	A Method for Automatically Estimating F0 Model Parameters and
InterSpeech/2008/IS080432.txt	turn-taking	An Analysis of Multimodal Cues of Interruption in Dyadic Spoken Interactions
InterSpeech/2008/IS080511.txt	spoken dialog	Structured Models for Joint Decoding of Repeated Utterances
InterSpeech/2008/IS080565.txt	spoken dialog	MUESLI: Multiple Utterance Error Correction
InterSpeech/2008/IS080621.txt	spoken dialog	Extensibility Veriﬁcation of Robust Domain Selection against
InterSpeech/2008/IS080632.txt	spoken dialog	Identifying Relevant Phrases to Summarize Decisions in Spoken Meetings∗
InterSpeech/2008/IS080748.txt	spoken dialog	System Combination for Spoken Language Understanding
InterSpeech/2008/IS080768.txt	spoken dialog	Physically Embodied Conversational Agents as Health and Fitness Companions
InterSpeech/2008/IS080777.txt	backchannel,turn-taking,spoken dialog	Analysis of Relationship Between Impression of Human-to-human
InterSpeech/2008/IS080801.txt	backchannel,turn-taking,response timing,spoken dialog	Paralinguistic Effects on Turn-Taking Behavior in Expressive Conversation
InterSpeech/2008/IS080820.txt	spoken dialog	Do discourse cues facilitate recall in information presentation messages?
InterSpeech/2008/IS080832.txt	backchannel	Multi-Modal Recording, Analysis and Indexing of Poster Sessions
InterSpeech/2008/IS080835.txt	spoken dialog	Expanding Vocabulary for Recognizing User’s Abbreviations of Proper Nouns
InterSpeech/2008/IS080839.txt	turn-taking	Study on “Ng, A” Type of Discourse Markers in Standard Chinese
InterSpeech/2008/IS080846.txt	turn-taking	Vocal imitation in early language acquisition
InterSpeech/2008/IS080860.txt	spoken dialog	Automatic Recognition of Anger in Spontaneous Speech
InterSpeech/2008/IS080867.txt	backchannel	Recovering Participant Identities in Meetings
InterSpeech/2008/IS080868.txt	spoken dialog	Dialog Management using Weighted Finite-State Transducers
InterSpeech/2008/IS080892.txt	spoken dialog	An Investigation of Acoustic Models for Multilingual Code-Switching
InterSpeech/2008/IS080902.txt	spoken dialog	Question and Answer Database Optimization Using Speech Recognition
InterSpeech/2008/IS080957.txt	spoken dialog	Development and Evaluation of Hands-Free Spoken Dialogue System for
InterSpeech/2008/IS080990.txt	spoken dialog	Fast call-classiﬁcation system development without in-domain training data
InterSpeech/2008/IS080995.txt	spoken dialog	Inductive and Example-Based Learning for Text Classification
InterSpeech/2008/IS081003.txt	spoken dialog	Minimal Training based Semantic Categorization in a Voice Activated
InterSpeech/2008/IS081011.txt	turn-taking	Duration and F0 Interval of Utterance-final Intonation Contours
InterSpeech/2008/IS081018.txt	spoken dialog	Detection of Repetitions in Spontaneous Speech in Dialogue Sessions
InterSpeech/2008/IS081063.txt	spoken dialog	From Domain Specification to Virtual Humans:
InterSpeech/2008/IS081078.txt	spoken dialog	Probabilistic Answer Selection Based on Conditional Random Fields
InterSpeech/2008/IS081096.txt	spoken dialog	Let’s Go Lab: a platform for evaluation of
InterSpeech/2008/IS081123.txt	spoken dialog	The meanings carried by interjections in spontaneous speech
InterSpeech/2008/IS081130.txt	spoken dialog	Syntactic Complexity induces Explicit Grounding in the MapTask corpus
InterSpeech/2008/IS081138.txt	spoken dialog	Effects of User Modeling on POMDP-based Dialogue Systems
InterSpeech/2008/IS081260.txt	spoken dialog	Towards Unsupervised Training of the Classiﬁer-based Speech Translator
InterSpeech/2008/IS081266.txt	turn-taking,spoken dialog	Towards measuring continuous acoustic feature convergence
InterSpeech/2008/IS081309.txt	backchannel,response timing,spoken dialog	Detection of Feeling through Back-channels in Spoken Dialogue
InterSpeech/2008/IS081334.txt	spoken dialog	The effect of cognitive load on disﬂuencies during in-vehicle spoken dialogue
InterSpeech/2008/IS081385.txt	spoken dialog	Application and evaluation of speech technologies in language learning:
InterSpeech/2008/IS081424.txt	spoken dialog	A Bayesian Approach to Semantic Composition for
InterSpeech/2008/IS081438.txt	turn-taking	Modeling Rapport in Embodied Conversational Agents
InterSpeech/2009/INDEXSCR.txt	spoken dialog	Hub Page
InterSpeech/2009/IS090001.txt	backchannel	Joint Segmentation and Classification of Dialog Acts
InterSpeech/2009/IS090005.txt	spoken dialog	Talking Heads for Interacting with Spoken Dialog Smart-Home Systems
InterSpeech/2009/IS090010.txt	turn-taking	Using location cues to track speaker changes from mobile, binaural
InterSpeech/2009/IS090023.txt	spoken dialog	Recent Advances in WFST-based Dialog System
InterSpeech/2009/IS090051.txt	spoken dialog	Pause and gap length in face-to-face interaction
InterSpeech/2009/IS090054.txt	turn-taking	Variability and stability in collaborative dialogues: turn-taking and filled pauses
InterSpeech/2009/IS090055.txt	spoken dialog	Designing Spoken Tutorial Dialogue with Children
InterSpeech/2009/IS090072.txt	spoken dialog	Classifying Turn-Level Uncertainty Using Word-Level Prosody
InterSpeech/2009/IS090076.txt	spoken dialog	Voice Activity Detection Using Partially Observable Markov Decision Process
InterSpeech/2009/IS090107.txt	spoken dialog	Pronunciation Dictionary Development in Resource-Scarce Environments
InterSpeech/2009/IS090115.txt	turn-taking,spoken dialog	Responding to User Emotional State
InterSpeech/2009/IS090127.txt	spoken dialog	Age Recognition for Spoken Dialogue Systems: Do We Need It?
InterSpeech/2009/IS090136.txt	response timing	Error metrics for impaired auditory nerve responses of different phoneme
InterSpeech/2009/IS090144.txt	spoken dialog	A Statistical Dialog Manager for the LUNA Project
InterSpeech/2009/IS090147.txt	spoken dialog	Robust dependency parsing for Spoken Language Understanding of
InterSpeech/2009/IS090172.txt	spoken dialog	Learning the Structure of Human-Computer and Human-Human Dialogs
InterSpeech/2009/IS090181.txt	backchannel,spoken dialog	Towards Flexible Representations for Analysis of Accomodation of Temporal
InterSpeech/2009/IS090201.txt	spoken dialog	Enabling a User to Specify an Item at Any Time During System Enumeration
InterSpeech/2009/IS090218.txt	spoken dialog	Incremental Dialog Clustering For Speech-to-Speech Translation
InterSpeech/2009/IS090251.txt	backchannel	Modeling Other Talkers for Improved Dialog Act Recognition in Meetings
InterSpeech/2009/IS090274.txt	spoken dialog	Feature-based Summary Space for Stochastic Dialogue Modeling
InterSpeech/2009/IS090281.txt	turn-taking	Cross-Cultural Perception of Discourse Phenomena
InterSpeech/2009/IS090293.txt	spoken dialog	How speaker tongue and name source language affect the automatic
InterSpeech/2009/IS090316.txt	backchannel,turn-taking	Perceiving Surprise on Cue Words: Prosody and Semantics Interact on Right
InterSpeech/2009/IS090320.txt	spoken dialog	A User Modeling-based Performance Analysis of a Wizarded
InterSpeech/2009/IS090331.txt	spoken dialog	ASR Corpus Design for Resource-Scarce Languages
InterSpeech/2009/IS090337.txt	spoken dialog	.
InterSpeech/2009/IS090341.txt	backchannel,turn-taking,spoken dialog	F0 cues for the discourse functions of “hã” in Hindi
InterSpeech/2009/IS090353.txt	spoken dialog	Strategies for Accelerating the Design of Dialogue Applications
InterSpeech/2009/IS090363.txt	spoken dialog	Robust Angry Speech Detection Employing a TEO-Based Discriminative
InterSpeech/2009/IS090372.txt	spoken dialog	Concept Segmentation and Labeling for Conversational Speech
InterSpeech/2009/IS090374.txt	backchannel,turn-taking	Backchannel-Inviting Cues in Task-Oriented Dialogue
InterSpeech/2009/IS090384.txt	spoken dialog	Annotating Communicative Function and Semantic Content in Dialogue Act
InterSpeech/2009/IS090392.txt	turn-taking	Analysis of Voice Fundamental Frequency Contours of Continuing and
InterSpeech/2009/IS090415.txt	spoken dialog	Combined low level and high level features for Out-Of-Vocabulary Word
InterSpeech/2009/IS090444.txt	spoken dialog	Simultaneous Estimation of Confidence and Error Cause
InterSpeech/2009/IS090460.txt	spoken dialog	Conversation Robot Participating in and Activating a Group Communication
InterSpeech/2009/IS090483.txt	spoken dialog	Using Dialogue-Based Dynamic Language Models for Improving Speech
InterSpeech/2009/IS090486.txt	spoken dialog	Improving Speech Understanding Accuracy with Limited Training Data
InterSpeech/2009/IS090487.txt	response timing,spoken dialog	Subjective Experiments on Influence of
InterSpeech/2009/IS090498.txt	spoken dialog	Classifying clear and conversational speech based on acoustic features
InterSpeech/2009/IS090512.txt	spoken dialog	The MonAMI Reminder: a spoken dialogue system for face-to-face interaction
InterSpeech/2009/IS090526.txt	spoken dialog	Processing affected speech within human machine interaction
InterSpeech/2009/IS090531.txt	spoken dialog	A Closer Look at Quality Judgments of Spoken Dialog Systems
InterSpeech/2009/IS090540.txt	spoken dialog	A Policy-Switching Learning Approach for Adaptive Spoken Dialogue Agents
InterSpeech/2009/IS090543.txt	backchannel,spoken dialog	Using Responsive Prosodic Variation to Acknowledge the User’s Current State
InterSpeech/2009/IS090545.txt	spoken dialog	Evaluating the Potential Utility of ASR N-Best Lists
InterSpeech/2009/IS090596.txt	spoken dialog	Basic speech recognition for spoken dialogues
InterSpeech/2009/IS090597.txt	spoken dialog	Semantic Role Labeling with Discriminative Feature Selection for
InterSpeech/2009/IS090603.txt	spoken dialog	Estimating the Potential of Signal and Interlocutor-Track Information
InterSpeech/2009/IS090607.txt	turn-taking	Are we ‘in sync’: Turn-taking in collaborative dialogues
InterSpeech/2009/IS090643.txt	spoken dialog	Predicting how it sounds: Re-ranking dialogue prompts based on TTS quality
InterSpeech/2009/IS090697.txt	spoken dialog	No Sooner Said Than Done? Testing Incrementality of Semantic
InterSpeech/2009/IS090703.txt	spoken dialog	Reinforcement Learning for Dialog Management using Least-Squares Policy
InterSpeech/2009/IS090708.txt	spoken dialog	The Effects of Different Voices for Speech-Based In-Vehicle Interfaces: Impact
InterSpeech/2009/IS090713.txt	spoken dialog	Improving acceptability assessment for the labelling of affective speech corpora
InterSpeech/2009/IS090715.txt	spoken dialog	Hybridisation of Expertise and Reinforcement Learning in Dialogue Systems
InterSpeech/2009/IS090716.txt	backchannel	Understanding Speaker-Listener Interactions
InterSpeech/2009/IS090725.txt	backchannel	Acoustic Event Detection for Spotting “Hot Spots” in Podcasts
InterSpeech/2009/IS090733.txt	spoken dialog	Bayesian Learning of Conﬁdence Measure Function for Generation of
InterSpeech/2009/IS090756.txt	spoken dialog	SUXES - User Experience Evaluation Method for Spoken and Multimodal
InterSpeech/2009/IS090761.txt	spoken dialog	What’s in an Ontology for Spoken Language Understanding
InterSpeech/2009/IS090764.txt	turn-taking	Transcribing Human-Directed Speech for Spoken Language Processing
InterSpeech/2010/INDEXSCR.txt	spoken dialog	Hub Page
InterSpeech/2010/IS100004.txt	turn-taking	INTERSPEECH 2010
InterSpeech/2010/IS100008.txt	backchannel,turn-taking,spoken dialog	INTERSPEECH 2010
InterSpeech/2010/IS100058.txt	spoken dialog	INTERSPEECH 2010
InterSpeech/2010/IS100105.txt	spoken dialog	INTERSPEECH 2010
InterSpeech/2010/IS100107.txt	spoken dialog	INTERSPEECH 2010
InterSpeech/2010/IS100125.txt	spoken dialog	INTERSPEECH 2010
InterSpeech/2010/IS100129.txt	spoken dialog	INTERSPEECH 2010
InterSpeech/2010/IS100131.txt	backchannel	INTERSPEECH 2010
InterSpeech/2010/IS100141.txt	backchannel	INTERSPEECH 2010
InterSpeech/2010/IS100159.txt	spoken dialog	INTERSPEECH 2010
InterSpeech/2010/IS100173.txt	backchannel	INTERSPEECH 2010
InterSpeech/2010/IS100175.txt	backchannel,turn-taking	INTERSPEECH 2010
InterSpeech/2010/IS100195.txt	turn-taking	INTERSPEECH 2010
InterSpeech/2010/IS100202.txt	spoken dialog	INTERSPEECH 2010
InterSpeech/2010/IS100203.txt	spoken dialog	INTERSPEECH 2010
InterSpeech/2010/IS100230.txt	turn-taking	INTERSPEECH 2010
InterSpeech/2010/IS100235.txt	spoken dialog	INTERSPEECH 2010
InterSpeech/2010/IS100238.txt	spoken dialog	INTERSPEECH 2010
InterSpeech/2010/IS100248.txt	spoken dialog	INTERSPEECH 2010
InterSpeech/2010/IS100252.txt	spoken dialog	INTERSPEECH 2010
InterSpeech/2010/IS100257.txt	backchannel,turn-taking	INTERSPEECH 2010
InterSpeech/2010/IS100270.txt	spoken dialog	INTERSPEECH 2010
InterSpeech/2010/IS100293.txt	spoken dialog	INTERSPEECH 2010
InterSpeech/2010/IS100304.txt	spoken dialog	INTERSPEECH 2010
InterSpeech/2010/IS100345.txt	spoken dialog	INTERSPEECH 2010
InterSpeech/2010/IS100351.txt	backchannel	INTERSPEECH 2010
InterSpeech/2010/IS100363.txt	backchannel	INTERSPEECH 2010
InterSpeech/2010/IS100390.txt	spoken dialog	INTERSPEECH 2010
InterSpeech/2010/IS100424.txt	spoken dialog	INTERSPEECH 2010
InterSpeech/2010/IS100429.txt	spoken dialog	INTERSPEECH 2010
InterSpeech/2010/IS100448.txt	spoken dialog	INTERSPEECH 2010
InterSpeech/2010/IS100449.txt	spoken dialog	INTERSPEECH 2010
InterSpeech/2010/IS100487.txt	spoken dialog	INTERSPEECH 2010
InterSpeech/2010/IS100490.txt	spoken dialog	INTERSPEECH 2010
InterSpeech/2010/IS100495.txt	spoken dialog	INTERSPEECH 2010
InterSpeech/2010/IS100501.txt	spoken dialog	INTERSPEECH 2010
InterSpeech/2010/IS100533.txt	spoken dialog	INTERSPEECH 2010
InterSpeech/2010/IS100550.txt	spoken dialog	INTERSPEECH 2010
InterSpeech/2010/IS100566.txt	backchannel	INTERSPEECH 2010
InterSpeech/2010/IS100569.txt	backchannel	INTERSPEECH 2010
InterSpeech/2010/IS100587.txt	spoken dialog	INTERSPEECH 2010
InterSpeech/2010/IS100589.txt	spoken dialog	INTERSPEECH 2010
InterSpeech/2010/IS100613.txt	spoken dialog	INTERSPEECH 2010
InterSpeech/2010/IS100617.txt	backchannel,turn-taking	INTERSPEECH 2010
InterSpeech/2010/IS100625.txt	spoken dialog	INTERSPEECH 2010
InterSpeech/2010/IS100635.txt	spoken dialog	INTERSPEECH 2010
InterSpeech/2010/IS100647.txt	spoken dialog	INTERSPEECH 2010
InterSpeech/2010/IS100650.txt	backchannel,spoken dialog	INTERSPEECH 2010
InterSpeech/2010/IS100653.txt	spoken dialog	INTERSPEECH 2010
InterSpeech/2010/IS100659.txt	spoken dialog	INTERSPEECH 2010
InterSpeech/2010/IS100660.txt	spoken dialog	INTERSPEECH 2010
InterSpeech/2010/IS100664.txt	spoken dialog	INTERSPEECH 2010
InterSpeech/2010/IS100678.txt	spoken dialog	INTERSPEECH 2010
InterSpeech/2010/IS100684.txt	spoken dialog	INTERSPEECH 2010
InterSpeech/2010/IS100686.txt	spoken dialog	INTERSPEECH 2010
InterSpeech/2010/IS100701.txt	spoken dialog	INTERSPEECH 2010
InterSpeech/2010/IS100702.txt	turn-taking	INTERSPEECH 2010
InterSpeech/2010/IS100716.txt	spoken dialog	INTERSPEECH 2010
InterSpeech/2010/IS100765.txt	spoken dialog	INTERSPEECH 2010
InterSpeech/2010/IS100775.txt	turn-taking	INTERSPEECH 2010
InterSpeech/2011/INDEXSCR.txt	spoken dialog	Hub Page
InterSpeech/2011/IS110002.txt	spoken dialog	INTERSPEECH 2011
InterSpeech/2011/IS110027.txt	backchannel	INTERSPEECH 2011
InterSpeech/2011/IS110059.txt	spoken dialog	INTERSPEECH 2011
InterSpeech/2011/IS110068.txt	backchannel	INTERSPEECH 2011
InterSpeech/2011/IS110076.txt	backchannel,turn-taking,spoken dialog	INTERSPEECH 2011
InterSpeech/2011/IS110095.txt	turn-taking	INTERSPEECH 2011
InterSpeech/2011/IS110099.txt	turn-taking	INTERSPEECH 2011
InterSpeech/2011/IS110115.txt	backchannel,spoken dialog	INTERSPEECH 2011
InterSpeech/2011/IS110119.txt	backchannel	INTERSPEECH 2011
InterSpeech/2011/IS110123.txt	spoken dialog	INTERSPEECH 2011
InterSpeech/2011/IS110128.txt	spoken dialog	INTERSPEECH 2011
InterSpeech/2011/IS110137.txt	turn-taking,spoken dialog	INTERSPEECH 2011
InterSpeech/2011/IS110147.txt	spoken dialog	INTERSPEECH 2011
InterSpeech/2011/IS110150.txt	spoken dialog	INTERSPEECH 2011
InterSpeech/2011/IS110175.txt	turn-taking	INTERSPEECH 2011
InterSpeech/2011/IS110206.txt	spoken dialog	INTERSPEECH 2011
InterSpeech/2011/IS110215.txt	spoken dialog	INTERSPEECH 2011
InterSpeech/2011/IS110230.txt	backchannel	INTERSPEECH 2011
InterSpeech/2011/IS110259.txt	spoken dialog	INTERSPEECH 2011
InterSpeech/2011/IS110339.txt	spoken dialog	INTERSPEECH 2011
InterSpeech/2011/IS110349.txt	spoken dialog	INTERSPEECH 2011
InterSpeech/2011/IS110387.txt	spoken dialog	INTERSPEECH 2011
InterSpeech/2011/IS110393.txt	spoken dialog	INTERSPEECH 2011
InterSpeech/2011/IS110407.txt	turn-taking	INTERSPEECH 2011
InterSpeech/2011/IS110414.txt	spoken dialog	INTERSPEECH 2011
InterSpeech/2011/IS110423.txt	turn-taking	INTERSPEECH 2011
InterSpeech/2011/IS110453.txt	backchannel	INTERSPEECH 2011
InterSpeech/2011/IS110464.txt	spoken dialog	INTERSPEECH 2011
InterSpeech/2011/IS110489.txt	turn-taking	INTERSPEECH 2011
InterSpeech/2011/IS110497.txt	spoken dialog	INTERSPEECH 2011
InterSpeech/2011/IS110500.txt	spoken dialog	INTERSPEECH 2011
InterSpeech/2011/IS110517.txt	spoken dialog	INTERSPEECH 2011
InterSpeech/2011/IS110545.txt	spoken dialog	INTERSPEECH 2011
InterSpeech/2011/IS110556.txt	spoken dialog	INTERSPEECH 2011
InterSpeech/2011/IS110569.txt	turn-taking	INTERSPEECH 2011
InterSpeech/2011/IS110573.txt	spoken dialog	INTERSPEECH 2011
InterSpeech/2011/IS110595.txt	spoken dialog	INTERSPEECH 2011
InterSpeech/2011/IS110616.txt	backchannel,turn-taking	INTERSPEECH 2011
InterSpeech/2011/IS110622.txt	spoken dialog	INTERSPEECH 2011
InterSpeech/2011/IS110642.txt	spoken dialog	INTERSPEECH 2011
InterSpeech/2011/IS110662.txt	spoken dialog	INTERSPEECH 2011
InterSpeech/2011/IS110702.txt	spoken dialog	INTERSPEECH 2011
InterSpeech/2011/IS110712.txt	backchannel,turn-taking	INTERSPEECH 2011
InterSpeech/2011/IS110725.txt	spoken dialog	INTERSPEECH 2011
InterSpeech/2011/IS110734.txt	turn-taking	INTERSPEECH 2011
InterSpeech/2011/IS110739.txt	backchannel,turn-taking,spoken dialog	INTERSPEECH 2011
InterSpeech/2011/IS110742.txt	spoken dialog	INTERSPEECH 2011
InterSpeech/2011/IS110775.txt	spoken dialog	INTERSPEECH 2011
InterSpeech/2011/IS110781.txt	spoken dialog	INTERSPEECH 2011
InterSpeech/2011/IS110788.txt	spoken dialog	INTERSPEECH 2011
InterSpeech/2011/IS110801.txt	spoken dialog	INTERSPEECH 2011
InterSpeech/2011/IS110806.txt	backchannel,turn-taking	INTERSPEECH 2011
InterSpeech/2011/IS110807.txt	backchannel	INTERSPEECH 2011
InterSpeech/2011/IS110817.txt	backchannel,turn-taking,spoken dialog	INTERSPEECH 2011
InterSpeech/2011/IS110819.txt	spoken dialog	INTERSPEECH 2011
InterSpeech/2011/IS110829.txt	spoken dialog	INTERSPEECH 2011
InterSpeech/2011/IS110846.txt	spoken dialog	INTERSPEECH 2011
InterSpeech/2011/IS111003.txt	backchannel	INTERSPEECH 2011
InterSpeech/2012/1045_Paper.txt	spoken dialog	A Data-driven Approach to Understanding Spoken Route Directions
InterSpeech/2012/1089_Paper.txt	spoken dialog	Towards Automated Annotation of Audio and Video Recordings by Application of
InterSpeech/2012/1142_Paper.txt	spoken dialog	Voice Query Refinement
InterSpeech/2012/1147_Paper.txt	turn-taking,spoken dialog	On the effect of the acoustic environment on the accuracy of
InterSpeech/2012/115_Paper.txt	turn-taking	Resonator-based Creaky Voice Detection
InterSpeech/2012/1240_Paper.txt	backchannel,turn-taking,spoken dialog	On the Dynamics of Overlap in Multi-Party Conversation
InterSpeech/2012/1272_Paper.txt	spoken dialog	Dynamic Grammars with Lookahead Composition for
InterSpeech/2012/1280_Paper.txt	turn-taking,spoken dialog	Evaluating Prosodic Processing for Incremental Speech Synthesis
InterSpeech/2012/130_Paper.txt	turn-taking	Modeling the Creaky Excitation for Parametric Speech Synthesis
InterSpeech/2012/1346_Paper.txt	spoken dialog	Spoken Dialogs With a Virtual Science Tutor
InterSpeech/2012/1354_Paper.txt	spoken dialog	Coherent Topic Transition in a Conversational Agent
InterSpeech/2012/1361_Paper.txt	spoken dialog	Learning When to Listen:
InterSpeech/2012/1372_Paper.txt	turn-taking	Estimation of Talker’s Head Orientation Based on Discrimination of the Shape
InterSpeech/2012/1384_Paper.txt	spoken dialog	A Discriminative Classification-Based Approach to Information State Updates
InterSpeech/2012/1401_Paper.txt	spoken dialog	A Case Study: Detecting Counselor Reflections in Psychotherapy for
InterSpeech/2012/1415_Paper.txt	spoken dialog	Expressing Speaker’s Intentions through Sentence-Final Intonations
InterSpeech/2012/1423_Paper.txt	spoken dialog	Using Reinforcement Learning for Dialogue Management Policies:
InterSpeech/2012/1433_Paper.txt	turn-taking,spoken dialog	Discontinuous Observation HMM for Prosodic-Event-Based F0 Generation
InterSpeech/2012/1437_Paper.txt	backchannel,turn-taking	Contrasting Cues to Verbal and Non-Verbal Backchannels in Multi-lingual
InterSpeech/2012/152_Paper.txt	turn-taking,spoken dialog	A Corpus-Based Study of Interruptions in Spoken Dialogue
InterSpeech/2012/171_Paper.txt	backchannel,turn-taking	Prediction of Turn-Taking by Combining Prosodic and Eye-Gaze Information
InterSpeech/2012/220_Paper.txt	turn-taking	Automatic Detection of Conflict Escalation in Spoken Conversation
InterSpeech/2012/304_Paper.txt	spoken dialog	Enhancing Speech Understanding in Spoken Dialogue Systems by Means of a
InterSpeech/2012/319_Paper.txt	spoken dialog	Interactive Spoken Content Retrieval with Different Types of Actions
InterSpeech/2012/349_Paper.txt	spoken dialog	A Conversational Movie Search System Based on Conditional Random Fields
InterSpeech/2012/429_Paper.txt	backchannel,spoken dialog	Detecting System-directed Utterances using Dialogue-level Features
InterSpeech/2012/432_Paper.txt	spoken dialog	Designing a spoken language interface for a tutorial dialogue system
InterSpeech/2012/456_Paper.txt	spoken dialog	A Self-Learning Assistive Vocal Interface Based on Vocabulary Learning and
InterSpeech/2012/457_Paper.txt	spoken dialog	Portability of Semantic Annotations for Fast Development of Dialogue Corpora
InterSpeech/2012/459_Paper.txt	spoken dialog	On the acoustics of overlapping laughter in conversational speech
InterSpeech/2012/461_Paper.txt	spoken dialog	An Online Generated Transducer to Increase Dialog Manager Coverage
InterSpeech/2012/479_Paper.txt	spoken dialog	“Help Me, I Need More User Tests!”
InterSpeech/2012/501_Paper.txt	turn-taking	Annotation and Recognition of Personality Traits in Spoken Conversations
InterSpeech/2012/506_Paper.txt	backchannel,turn-taking	Effects of the availability of visual information and presence of competing
InterSpeech/2012/523_Paper.txt	spoken dialog	A tutorial dialogue system with unrestricted spoken input
InterSpeech/2012/526_Paper.txt	spoken dialog	Prosodic Cues to Disengagement and Uncertainty in Physics Tutorial Dialogues
InterSpeech/2012/535_Paper.txt	spoken dialog	Audio-visual Evaluation and Detection of Word Prominence in a
InterSpeech/2012/572_Paper.txt	spoken dialog	Prosodic Entrainment in an Information-Driven Dialog System
InterSpeech/2012/576_Paper.txt	spoken dialog	Addressing Confusions in Spoken Language in ESL Pronunciation Tutors
InterSpeech/2012/592_Paper.txt	spoken dialog	Improving WFST-based G2P Conversion with Alignment Constraints and
InterSpeech/2012/601_Paper.txt	turn-taking,response timing,spoken dialog	Caller Response Timing Patterns in Spoken Dialog Systems
InterSpeech/2012/676_Paper.txt	spoken dialog	Optimization of Dialog Strategies using Automatic Dialog Simulation and
InterSpeech/2012/699_Paper.txt	backchannel	Speaker Diarization of Overlapping Speech based on Silence Distribution in
InterSpeech/2012/733_Paper.txt	turn-taking,spoken dialog	Interactions Between Turn-taking Gaps, Disfluencies and Social Obligation
InterSpeech/2012/750_Paper.txt	spoken dialog	Detecting OOV Named Entities in Conversational Speech
InterSpeech/2012/801_Paper.txt	spoken dialog	Interplay between verbal response latency and physiology of children with
InterSpeech/2012/825_Paper.txt	turn-taking	Phrase Boundary Assignment from Text in Multiple Domains
InterSpeech/2012/855_Paper.txt	turn-taking	Temporal entrainment in overlapped speech: Cross-linguistic study
InterSpeech/2012/885_Paper.txt	spoken dialog	Applying multiview learning algorithms to human-human conversation
InterSpeech/2012/896_Paper.txt	spoken dialog	ClippyScript: A Programming Language for Multi-Domain Dialogue Systems
InterSpeech/2012/972_Paper.txt	spoken dialog	Correlation Between Model-based Approximations of Grounding-related Cognition
InterSpeech/2012/974_Paper.txt	spoken dialog	Assessment of user simulators for spoken dialogue systems by means of
InterSpeech/2012/982_Paper.txt	backchannel,turn-taking	Gaze Patterns in Turn-Taking
InterSpeech/2012/988_Paper.txt	spoken dialog	Arabic Dialect Identification – ‘Is the Secret in the Silence?’ and Other Observations
InterSpeech/2012/Mon-O1b-01.txt	spoken dialog	Arabic Dialect Identification – ‘Is the Secret in the Silence?’ and Other Observations
InterSpeech/2012/Mon-O2b-01.txt	spoken dialog	“Help Me, I Need More User Tests!”
InterSpeech/2012/Mon-O2b-02.txt	turn-taking,response timing,spoken dialog	Caller Response Timing Patterns in Spoken Dialog Systems
InterSpeech/2012/Mon-O2b-03.txt	spoken dialog	A Discriminative Classification-Based Approach to Information State Updates
InterSpeech/2012/Mon-O2b-04.txt	spoken dialog	Learning When to Listen:
InterSpeech/2012/Mon-O2b-06.txt	spoken dialog	Prosodic Entrainment in an Information-Driven Dialog System
InterSpeech/2012/Mon-P1d-01.txt	spoken dialog	Portability of Semantic Annotations for Fast Development of Dialogue Corpora
InterSpeech/2012/Mon-P1d-02.txt	spoken dialog	Optimization of Dialog Strategies using Automatic Dialog Simulation and
InterSpeech/2012/Mon-P1d-04.txt	spoken dialog	A Data-driven Approach to Understanding Spoken Route Directions
InterSpeech/2012/Mon-P1d-05.txt	backchannel,spoken dialog	Detecting System-directed Utterances using Dialogue-level Features
InterSpeech/2012/Mon-P1d-06.txt	spoken dialog	An Online Generated Transducer to Increase Dialog Manager Coverage
InterSpeech/2012/Mon-P1d-08.txt	spoken dialog	ClippyScript: A Programming Language for Multi-Domain Dialogue Systems
InterSpeech/2012/Mon-P1d-09.txt	spoken dialog	Correlation Between Model-based Approximations of Grounding-related Cognition
InterSpeech/2012/Mon-P1d-10.txt	spoken dialog	Assessment of user simulators for spoken dialogue systems by means of
InterSpeech/2012/Mon-P2b-02.txt	turn-taking,spoken dialog	Evaluating Prosodic Processing for Incremental Speech Synthesis
InterSpeech/2012/Mon-P2b-03.txt	spoken dialog	Expressing Speaker’s Intentions through Sentence-Final Intonations
InterSpeech/2012/Mon-P2b-08.txt	turn-taking,spoken dialog	Discontinuous Observation HMM for Prosodic-Event-Based F0 Generation
InterSpeech/2012/Mon-P2c-04.txt	backchannel	Speaker Diarization of Overlapping Speech based on Silence Distribution in
InterSpeech/2012/Thu-O10b-01.txt	spoken dialog	A Conversational Movie Search System Based on Conditional Random Fields
InterSpeech/2012/Thu-O10b-02.txt	spoken dialog	Interactive Spoken Content Retrieval with Different Types of Actions
InterSpeech/2012/Thu-O10b-03.txt	spoken dialog	Voice Query Refinement
InterSpeech/2012/Thu-P10a-01.txt	spoken dialog	Improving WFST-based G2P Conversion with Alignment Constraints and
InterSpeech/2012/Thu-P10a-09.txt	turn-taking	Phrase Boundary Assignment from Text in Multiple Domains
InterSpeech/2012/Thu-P9a-06.txt	backchannel,turn-taking	Gaze Patterns in Turn-Taking
InterSpeech/2012/Thu-P9a-08.txt	spoken dialog	A Case Study: Detecting Counselor Reflections in Psychotherapy for
InterSpeech/2012/Thu-P9c-08.txt	spoken dialog	Applying multiview learning algorithms to human-human conversation
InterSpeech/2012/Thu-P9d-04.txt	spoken dialog	Detecting OOV Named Entities in Conversational Speech
InterSpeech/2012/Thu-SS9-03.txt	spoken dialog	Audio-visual Evaluation and Detection of Word Prominence in a
InterSpeech/2012/Tue-O3c-03.txt	turn-taking,spoken dialog	Interactions Between Turn-taking Gaps, Disfluencies and Social Obligation
InterSpeech/2012/Tue-O3c-05.txt	turn-taking	Temporal entrainment in overlapped speech: Cross-linguistic study
InterSpeech/2012/Tue-O4b-06.txt	spoken dialog	A Self-Learning Assistive Vocal Interface Based on Vocabulary Learning and
InterSpeech/2012/Tue-O4c-01.txt	backchannel,turn-taking	Contrasting Cues to Verbal and Non-Verbal Backchannels in Multi-lingual
InterSpeech/2012/Tue-O4c-04.txt	backchannel,turn-taking,spoken dialog	On the Dynamics of Overlap in Multi-Party Conversation
InterSpeech/2012/Tue-O4c-05.txt	spoken dialog	On the acoustics of overlapping laughter in conversational speech
InterSpeech/2012/Tue-O4c-06.txt	turn-taking,spoken dialog	A Corpus-Based Study of Interruptions in Spoken Dialogue
InterSpeech/2012/Tue-O5a-05.txt	spoken dialog	Dynamic Grammars with Lookahead Composition for
InterSpeech/2012/Tue-P3c-02.txt	backchannel,turn-taking	Prediction of Turn-Taking by Combining Prosodic and Eye-Gaze Information
InterSpeech/2012/Tue-P3c-06.txt	spoken dialog	Coherent Topic Transition in a Conversational Agent
InterSpeech/2012/Tue-P3c-07.txt	spoken dialog	Using Reinforcement Learning for Dialogue Management Policies:
InterSpeech/2012/Tue-P3c-08.txt	spoken dialog	Enhancing Speech Understanding in Spoken Dialogue Systems by Means of a
InterSpeech/2012/Tue-P5a-03.txt	turn-taking	Automatic Detection of Conflict Escalation in Spoken Conversation
InterSpeech/2012/Tue-P5a-07.txt	turn-taking	Annotation and Recognition of Personality Traits in Spoken Conversations
InterSpeech/2012/Tue-P5d-04.txt	spoken dialog	Designing a spoken language interface for a tutorial dialogue system
InterSpeech/2012/Tue-SS3-01.txt	spoken dialog	Prosodic Cues to Disengagement and Uncertainty in Physics Tutorial Dialogues
InterSpeech/2012/Tue-SS3-02.txt	spoken dialog	Spoken Dialogs With a Virtual Science Tutor
InterSpeech/2012/Tue-SS3-05.txt	spoken dialog	Addressing Confusions in Spoken Language in ESL Pronunciation Tutors
InterSpeech/2012/Tue-SS5-05.txt	spoken dialog	Interplay between verbal response latency and physiology of children with
InterSpeech/2012/Wed-O6d-02.txt	turn-taking	Modeling the Creaky Excitation for Parametric Speech Synthesis
InterSpeech/2012/Wed-P6a-11.txt	turn-taking,spoken dialog	On the effect of the acoustic environment on the accuracy of
InterSpeech/2012/Wed-P7d-03.txt	turn-taking	Estimation of Talker’s Head Orientation Based on Discrimination of the Shape
InterSpeech/2012/Wed-P8a-11.txt	backchannel,turn-taking	Effects of the availability of visual information and presence of competing
InterSpeech/2012/Wed-SS6-01.txt	turn-taking	Resonator-based Creaky Voice Detection
InterSpeech/2012/Wed-SS7-04.txt	spoken dialog	Towards Automated Annotation of Audio and Video Recordings by Application of
InterSpeech/2012/Wed-SS8-01.txt	spoken dialog	A tutorial dialogue system with unrestricted spoken input
InterSpeech/2013/IS130054.txt	turn-taking	INTERSPEECH 2013
InterSpeech/2013/IS130096.txt	turn-taking	INTERSPEECH 2013
InterSpeech/2013/IS130109.txt	spoken dialog	INTERSPEECH 2013
InterSpeech/2013/IS130124.txt	backchannel	INTERSPEECH 2013
InterSpeech/2013/IS130138.txt	spoken dialog	INTERSPEECH 2013
InterSpeech/2013/IS130147.txt	turn-taking,spoken dialog	INTERSPEECH 2013
InterSpeech/2013/IS130196.txt	backchannel	INTERSPEECH 2013
InterSpeech/2013/IS130233.txt	turn-taking	INTERSPEECH 2013
InterSpeech/2013/IS130379.txt	spoken dialog	INTERSPEECH 2013: Additional Contribution to Special Sessions
InterSpeech/2013/IS130396.txt	spoken dialog	INTERSPEECH 2013
InterSpeech/2013/IS130432.txt	spoken dialog	INTERSPEECH 2013
InterSpeech/2013/IS130457.txt	spoken dialog	INTERSPEECH 2013
InterSpeech/2013/IS130477.txt	turn-taking	INTERSPEECH 2013
InterSpeech/2013/IS130580.txt	backchannel,turn-taking	INTERSPEECH 2013
InterSpeech/2013/IS130613.txt	spoken dialog	INTERSPEECH 2013
InterSpeech/2013/IS130660.txt	spoken dialog	INTERSPEECH 2013
InterSpeech/2013/IS130697.txt	turn-taking	INTERSPEECH 2013
InterSpeech/2013/IS130755.txt	spoken dialog	INTERSPEECH 2013
InterSpeech/2013/IS130777.txt	spoken dialog	INTERSPEECH 2013
InterSpeech/2013/IS130841.txt	turn-taking	INTERSPEECH 2013
InterSpeech/2013/IS130896.txt	spoken dialog	INTERSPEECH 2013
InterSpeech/2013/IS130897.txt	spoken dialog	INTERSPEECH 2013
InterSpeech/2013/IS130940.txt	spoken dialog	INTERSPEECH 2013
InterSpeech/2013/IS130941.txt	backchannel	INTERSPEECH 2013
InterSpeech/2013/IS130967.txt	turn-taking,response timing,spoken dialog	INTERSPEECH 2013
InterSpeech/2013/IS130986.txt	spoken dialog	INTERSPEECH 2013
InterSpeech/2013/IS131013.txt	backchannel,response timing,spoken dialog	INTERSPEECH 2013
InterSpeech/2013/IS131018.txt	turn-taking	INTERSPEECH 2013
InterSpeech/2013/IS131042.txt	turn-taking	INTERSPEECH 2013
InterSpeech/2013/IS131059.txt	turn-taking	INTERSPEECH 2013
InterSpeech/2013/IS131060.txt	backchannel,turn-taking	INTERSPEECH 2013
InterSpeech/2013/IS131069.txt	turn-taking	INTERSPEECH 2013
InterSpeech/2013/IS131094.txt	spoken dialog	INTERSPEECH 2013
InterSpeech/2013/IS131136.txt	turn-taking	INTERSPEECH 2013
InterSpeech/2013/IS131147.txt	spoken dialog	INTERSPEECH 2013
InterSpeech/2013/IS131160.txt	spoken dialog	INTERSPEECH 2013
InterSpeech/2013/IS131188.txt	spoken dialog	INTERSPEECH 2013
InterSpeech/2013/IS131219.txt	turn-taking	INTERSPEECH 2013
InterSpeech/2013/IS131234.txt	turn-taking	INTERSPEECH 2013
InterSpeech/2013/IS131346.txt	spoken dialog	INTERSPEECH 2013
InterSpeech/2013/IS131378.txt	spoken dialog	INTERSPEECH 2013
InterSpeech/2013/IS131390.txt	spoken dialog	INTERSPEECH 2013
InterSpeech/2013/IS131489.txt	response timing,spoken dialog	INTERSPEECH 2013
InterSpeech/2013/IS131553.txt	spoken dialog	INTERSPEECH 2013
InterSpeech/2013/IS133001.txt	turn-taking,spoken dialog	INTERSPEECH 2013: Show & Tell Contribution
InterSpeech/2014/INDEXSCR.txt	spoken dialog	Hub Page
InterSpeech/2014/IS140037.txt	turn-taking	INTERSPEECH 2014
InterSpeech/2014/IS140063.txt	spoken dialog	INTERSPEECH 2014
InterSpeech/2014/IS140070.txt	turn-taking	INTERSPEECH 2014
InterSpeech/2014/IS140094.txt	spoken dialog	INTERSPEECH 2014
InterSpeech/2014/IS140116.txt	spoken dialog	INTERSPEECH 2014
InterSpeech/2014/IS140189.txt	spoken dialog	INTERSPEECH 2014
InterSpeech/2014/IS140235.txt	backchannel,turn-taking	INTERSPEECH 2014
InterSpeech/2014/IS140246.txt	backchannel,turn-taking,spoken dialog	INTERSPEECH 2014
InterSpeech/2014/IS140289.txt	backchannel,turn-taking	INTERSPEECH 2014
InterSpeech/2014/IS140377.txt	turn-taking	INTERSPEECH 2014
InterSpeech/2014/IS140435.txt	turn-taking,spoken dialog	INTERSPEECH 2014
InterSpeech/2014/IS140456.txt	turn-taking	INTERSPEECH 2014
InterSpeech/2014/IS140642.txt	backchannel	INTERSPEECH 2014
InterSpeech/2014/IS140706.txt	spoken dialog	INTERSPEECH 2014
InterSpeech/2014/IS140776.txt	backchannel,spoken dialog	INTERSPEECH 2014
InterSpeech/2014/IS140940.txt	spoken dialog	INTERSPEECH 2014
InterSpeech/2014/IS140947.txt	spoken dialog	INTERSPEECH 2014
InterSpeech/2014/IS141003.txt	spoken dialog	INTERSPEECH 2014
InterSpeech/2014/IS141017.txt	spoken dialog	INTERSPEECH 2014
InterSpeech/2014/IS141030.txt	spoken dialog	INTERSPEECH 2014
InterSpeech/2014/IS141034.txt	backchannel,turn-taking,spoken dialog	INTERSPEECH 2014
InterSpeech/2014/IS141057.txt	spoken dialog	INTERSPEECH 2014
InterSpeech/2014/IS141086.txt	turn-taking	INTERSPEECH 2014
InterSpeech/2014/IS141136.txt	spoken dialog	INTERSPEECH 2014
InterSpeech/2014/IS141169.txt	spoken dialog	INTERSPEECH 2014
InterSpeech/2014/IS141182.txt	spoken dialog	INTERSPEECH 2014
InterSpeech/2014/IS141259.txt	spoken dialog	INTERSPEECH 2014
InterSpeech/2014/IS141396.txt	turn-taking,spoken dialog	INTERSPEECH 2014
InterSpeech/2014/IS142004.txt	spoken dialog	INTERSPEECH 2014: Show & Tell Contribution
InterSpeech/2015/INDEXSCR.txt	spoken dialog	Hub Page
InterSpeech/2015/IS150114.txt	spoken dialog	INTERSPEECH 2015
InterSpeech/2015/IS150164.txt	turn-taking	INTERSPEECH 2015
InterSpeech/2015/IS150176.txt	spoken dialog	INTERSPEECH 2015
InterSpeech/2015/IS150195.txt	spoken dialog	INTERSPEECH 2015
InterSpeech/2015/IS150251.txt	spoken dialog	INTERSPEECH 2015
InterSpeech/2015/IS150279.txt	turn-taking	INTERSPEECH 2015
InterSpeech/2015/IS150286.txt	turn-taking	INTERSPEECH 2015
InterSpeech/2015/IS150331.txt	spoken dialog	INTERSPEECH 2015
InterSpeech/2015/IS150369.txt	turn-taking	INTERSPEECH 2015
InterSpeech/2015/IS150456.txt	spoken dialog	INTERSPEECH 2015
InterSpeech/2015/IS150729.txt	turn-taking,spoken dialog	INTERSPEECH 2015
InterSpeech/2015/IS150737.txt	spoken dialog	INTERSPEECH 2015
InterSpeech/2015/IS150751.txt	turn-taking	INTERSPEECH 2015
InterSpeech/2015/IS150788.txt	spoken dialog	INTERSPEECH 2015
InterSpeech/2015/IS150806.txt	turn-taking	INTERSPEECH 2015
InterSpeech/2015/IS150937.txt	backchannel,turn-taking	INTERSPEECH 2015
InterSpeech/2015/IS150957.txt	spoken dialog	INTERSPEECH 2015
InterSpeech/2015/IS150961.txt	spoken dialog	INTERSPEECH 2015
InterSpeech/2015/IS151005.txt	spoken dialog	INTERSPEECH 2015
InterSpeech/2015/IS151062.txt	spoken dialog	INTERSPEECH 2015
InterSpeech/2015/IS151180.txt	spoken dialog	INTERSPEECH 2015
InterSpeech/2015/IS151222.txt	turn-taking	INTERSPEECH 2015
InterSpeech/2015/IS151225.txt	spoken dialog	INTERSPEECH 2015
InterSpeech/2015/IS151230.txt	spoken dialog	INTERSPEECH 2015
InterSpeech/2015/IS151264.txt	turn-taking	INTERSPEECH 2015
InterSpeech/2015/IS151273.txt	backchannel	INTERSPEECH 2015
InterSpeech/2015/IS151274.txt	spoken dialog	INTERSPEECH 2015
InterSpeech/2015/IS151313.txt	spoken dialog	INTERSPEECH 2015
InterSpeech/2015/IS151327.txt	spoken dialog	INTERSPEECH 2015
InterSpeech/2015/IS151344.txt	response timing	INTERSPEECH 2015
InterSpeech/2015/IS151399.txt	spoken dialog	INTERSPEECH 2015
InterSpeech/2015/IS151402.txt	spoken dialog	INTERSPEECH 2015
InterSpeech/2015/IS151407.txt	backchannel	INTERSPEECH 2015
InterSpeech/2015/IS151419.txt	turn-taking	INTERSPEECH 2015
InterSpeech/2015/IS151453.txt	spoken dialog	INTERSPEECH 2015
InterSpeech/2015/IS151564.txt	spoken dialog	INTERSPEECH 2015
InterSpeech/2015/IS151581.txt	spoken dialog	INTERSPEECH 2015
InterSpeech/2015/IS151593.txt	spoken dialog	INTERSPEECH 2015
InterSpeech/2015/IS151594.txt	spoken dialog	INTERSPEECH 2015
InterSpeech/2015/IS151605.txt	backchannel	INTERSPEECH 2015
InterSpeech/2015/IS152012.txt	spoken dialog	INTERSPEECH 2015: Show & Tell Contribution
InterSpeech/2015/IS152014.txt	spoken dialog	INTERSPEECH 2015: Show & Tell Contribution
InterSpeech/2016/INDEXSCR.txt	backchannel,turn-taking,spoken dialog	Hub Page
InterSpeech/2016/IS160022.txt	backchannel	INTERSPEECH 2016
InterSpeech/2016/IS160085.txt	backchannel,turn-taking	INTERSPEECH 2016
InterSpeech/2016/IS160118.txt	backchannel,spoken dialog	INTERSPEECH 2016
InterSpeech/2016/IS160202.txt	backchannel	INTERSPEECH 2016
InterSpeech/2016/IS160312.txt	spoken dialog	INTERSPEECH 2016
InterSpeech/2016/IS160326.txt	spoken dialog	INTERSPEECH 2016
InterSpeech/2016/IS160344.txt	backchannel,turn-taking,spoken dialog	INTERSPEECH 2016
InterSpeech/2016/IS160346.txt	backchannel,turn-taking	INTERSPEECH 2016
InterSpeech/2016/IS160404.txt	spoken dialog	INTERSPEECH 2016
InterSpeech/2016/IS160421.txt	spoken dialog	INTERSPEECH 2016
InterSpeech/2016/IS160479.txt	spoken dialog	INTERSPEECH 2016
InterSpeech/2016/IS160502.txt	spoken dialog	INTERSPEECH 2016
InterSpeech/2016/IS160527.txt	turn-taking	INTERSPEECH 2016
InterSpeech/2016/IS160547.txt	turn-taking	INTERSPEECH 2016
InterSpeech/2016/IS160585.txt	backchannel,turn-taking,spoken dialog	INTERSPEECH 2016
InterSpeech/2016/IS160587.txt	turn-taking,spoken dialog	INTERSPEECH 2016
InterSpeech/2016/IS160800.txt	spoken dialog	INTERSPEECH 2016
InterSpeech/2016/IS160810.txt	spoken dialog	INTERSPEECH 2016
InterSpeech/2016/IS160846.txt	turn-taking,spoken dialog	INTERSPEECH 2016
InterSpeech/2016/IS160859.txt	turn-taking,spoken dialog	INTERSPEECH 2016
InterSpeech/2016/IS160951.txt	backchannel,turn-taking	INTERSPEECH 2016
InterSpeech/2016/IS160971.txt	spoken dialog	INTERSPEECH 2016
InterSpeech/2016/IS160985.txt	spoken dialog	INTERSPEECH 2016
InterSpeech/2016/IS161073.txt	turn-taking	INTERSPEECH 2016
InterSpeech/2016/IS161129.txt	backchannel	INTERSPEECH 2016
InterSpeech/2016/IS161171.txt	spoken dialog	INTERSPEECH 2016
InterSpeech/2016/IS161175.txt	spoken dialog	INTERSPEECH 2016
InterSpeech/2016/IS161223.txt	spoken dialog	INTERSPEECH 2016
InterSpeech/2016/IS161250.txt	spoken dialog	INTERSPEECH 2016
InterSpeech/2016/IS161273.txt	spoken dialog	INTERSPEECH 2016
InterSpeech/2016/IS161274.txt	backchannel	INTERSPEECH 2016
InterSpeech/2016/IS161301.txt	spoken dialog	INTERSPEECH 2016
InterSpeech/2016/IS161311.txt	spoken dialog	INTERSPEECH 2016
InterSpeech/2016/IS161328.txt	spoken dialog	INTERSPEECH 2016
InterSpeech/2016/IS161350.txt	backchannel,turn-taking,spoken dialog	INTERSPEECH 2016
InterSpeech/2016/IS161352.txt	spoken dialog	INTERSPEECH 2016
InterSpeech/2016/IS161409.txt	turn-taking,spoken dialog	INTERSPEECH 2016
InterSpeech/2016/IS161456.txt	backchannel,turn-taking	INTERSPEECH 2016
InterSpeech/2016/IS161537.txt	spoken dialog	INTERSPEECH 2016
InterSpeech/2017/IS170124.txt	backchannel,turn-taking,spoken dialog	INTERSPEECH 2017
InterSpeech/2017/IS170161.txt	spoken dialog	INTERSPEECH 2017
InterSpeech/2017/IS170293.txt	turn-taking	INTERSPEECH 2017
InterSpeech/2017/IS170426.txt	backchannel	INTERSPEECH 2017
InterSpeech/2017/IS170457.txt	backchannel	INTERSPEECH 2017
InterSpeech/2017/IS170465.txt	spoken dialog	INTERSPEECH 2017
InterSpeech/2017/IS170496.txt	turn-taking	INTERSPEECH 2017
InterSpeech/2017/IS170501.txt	spoken dialog	INTERSPEECH 2017
InterSpeech/2017/IS170516.txt	spoken dialog	INTERSPEECH 2017
InterSpeech/2017/IS170563.txt	turn-taking	INTERSPEECH 2017
InterSpeech/2017/IS170638.txt	spoken dialog	INTERSPEECH 2017
InterSpeech/2017/IS170651.txt	turn-taking	INTERSPEECH 2017
InterSpeech/2017/IS170708.txt	spoken dialog	INTERSPEECH 2017
InterSpeech/2017/IS170725.txt	turn-taking	INTERSPEECH 2017
InterSpeech/2017/IS170738.txt	backchannel	INTERSPEECH 2017
InterSpeech/2017/IS170753.txt	spoken dialog	INTERSPEECH 2017
InterSpeech/2017/IS170811.txt	backchannel,turn-taking	INTERSPEECH 2017
InterSpeech/2017/IS170837.txt	turn-taking	INTERSPEECH 2017
InterSpeech/2017/IS170842.txt	turn-taking	INTERSPEECH 2017
InterSpeech/2017/IS170904.txt	spoken dialog	INTERSPEECH 2017
InterSpeech/2017/IS170921.txt	spoken dialog	INTERSPEECH 2017
InterSpeech/2017/IS170926.txt	backchannel	INTERSPEECH 2017
InterSpeech/2017/IS170965.txt	backchannel,turn-taking	INTERSPEECH 2017
InterSpeech/2017/IS170994.txt	spoken dialog	INTERSPEECH 2017
InterSpeech/2017/IS171006.txt	turn-taking,spoken dialog	INTERSPEECH 2017
InterSpeech/2017/IS171029.txt	spoken dialog	INTERSPEECH 2017
InterSpeech/2017/IS171032.txt	spoken dialog	INTERSPEECH 2017
InterSpeech/2017/IS171042.txt	response timing,spoken dialog	INTERSPEECH 2017
InterSpeech/2017/IS171060.txt	spoken dialog	INTERSPEECH 2017
InterSpeech/2017/IS171081.txt	spoken dialog	INTERSPEECH 2017
InterSpeech/2017/IS171155.txt	turn-taking	INTERSPEECH 2017
InterSpeech/2017/IS171176.txt	backchannel,turn-taking	INTERSPEECH 2017
InterSpeech/2017/IS171198.txt	spoken dialog	INTERSPEECH 2017
InterSpeech/2017/IS171213.txt	spoken dialog	INTERSPEECH 2017
InterSpeech/2017/IS171250.txt	spoken dialog	INTERSPEECH 2017
InterSpeech/2017/IS171289.txt	turn-taking	INTERSPEECH 2017
InterSpeech/2017/IS171326.txt	spoken dialog	INTERSPEECH 2017
InterSpeech/2017/IS171395.txt	backchannel	INTERSPEECH 2017
InterSpeech/2017/IS171433.txt	spoken dialog	INTERSPEECH 2017
InterSpeech/2017/IS171446.txt	spoken dialog	INTERSPEECH 2017
InterSpeech/2017/IS171448.txt	spoken dialog	INTERSPEECH 2017
InterSpeech/2017/IS171495.txt	backchannel,turn-taking,spoken dialog	INTERSPEECH 2017
InterSpeech/2017/IS171507.txt	spoken dialog	INTERSPEECH 2017
InterSpeech/2017/IS171528.txt	spoken dialog	INTERSPEECH 2017
InterSpeech/2017/IS171536.txt	spoken dialog	INTERSPEECH 2017
InterSpeech/2017/IS171544.txt	backchannel	INTERSPEECH 2017
InterSpeech/2017/IS171568.txt	spoken dialog	INTERSPEECH 2017
InterSpeech/2017/IS171574.txt	spoken dialog	INTERSPEECH 2017
InterSpeech/2017/IS171593.txt	turn-taking,spoken dialog	INTERSPEECH 2017
InterSpeech/2017/IS171606.txt	backchannel,turn-taking	INTERSPEECH 2017
InterSpeech/2017/IS171790.txt	spoken dialog	INTERSPEECH 2017
InterSpeech/2017/IS172029.txt	spoken dialog	INTERSPEECH 2017: Show & Tell Contribution
InterSpeech/2019/IS191226.txt	spoken dialog	INTERSPEECH 2019
InterSpeech/2019/IS191253.txt	turn-taking	INTERSPEECH 2019
InterSpeech/2019/IS191262.txt	spoken dialog	INTERSPEECH 2019
InterSpeech/2019/IS191268.txt	backchannel,turn-taking	INTERSPEECH 2019
InterSpeech/2019/IS191300.txt	spoken dialog	INTERSPEECH 2019
InterSpeech/2019/IS191313.txt	spoken dialog	INTERSPEECH 2019
InterSpeech/2019/IS191383.txt	spoken dialog	INTERSPEECH 2019
InterSpeech/2019/IS191388.txt	turn-taking	INTERSPEECH 2019
InterSpeech/2019/IS191527.txt	turn-taking,response timing,spoken dialog	INTERSPEECH 2019
InterSpeech/2019/IS191534.txt	spoken dialog	INTERSPEECH 2019
InterSpeech/2019/IS191537.txt	turn-taking,spoken dialog	INTERSPEECH 2019
InterSpeech/2019/IS191592.txt	backchannel,turn-taking	INTERSPEECH 2019
InterSpeech/2019/IS191786.txt	spoken dialog	INTERSPEECH 2019
InterSpeech/2019/IS191825.txt	spoken dialog	INTERSPEECH 2019
InterSpeech/2019/IS191826.txt	turn-taking	INTERSPEECH 2019
InterSpeech/2019/IS191829.txt	turn-taking	INTERSPEECH 2019
InterSpeech/2019/IS191832.txt	spoken dialog	INTERSPEECH 2019
InterSpeech/2019/IS191866.txt	spoken dialog	INTERSPEECH 2019
InterSpeech/2019/IS191878.txt	turn-taking,spoken dialog	INTERSPEECH 2019
InterSpeech/2019/IS191886.txt	spoken dialog	INTERSPEECH 2019
InterSpeech/2019/IS191898.txt	spoken dialog	INTERSPEECH 2019
InterSpeech/2019/IS192121.txt	spoken dialog	INTERSPEECH 2019
InterSpeech/2019/IS192131.txt	spoken dialog	INTERSPEECH 2019
InterSpeech/2019/IS192163.txt	spoken dialog	INTERSPEECH 2019
InterSpeech/2019/IS192188.txt	spoken dialog	INTERSPEECH 2019
InterSpeech/2019/IS192208.txt	spoken dialog	INTERSPEECH 2019
InterSpeech/2019/IS192230.txt	spoken dialog	INTERSPEECH 2019
InterSpeech/2019/IS192270.txt	turn-taking,spoken dialog	INTERSPEECH 2019
InterSpeech/2019/IS192336.txt	spoken dialog	INTERSPEECH 2019
InterSpeech/2019/IS192366.txt	spoken dialog	INTERSPEECH 2019
InterSpeech/2019/IS192445.txt	spoken dialog	INTERSPEECH 2019
InterSpeech/2019/IS192521.txt	backchannel	INTERSPEECH 2019
InterSpeech/2019/IS192524.txt	spoken dialog	INTERSPEECH 2019
InterSpeech/2019/IS192551.txt	backchannel	INTERSPEECH 2019
InterSpeech/2019/IS192594.txt	spoken dialog	INTERSPEECH 2019
InterSpeech/2019/IS192632.txt	spoken dialog	INTERSPEECH 2019
InterSpeech/2019/IS192820.txt	spoken dialog	INTERSPEECH 2019
InterSpeech/2019/IS192836.txt	turn-taking	INTERSPEECH 2019
InterSpeech/2019/IS192856.txt	turn-taking	INTERSPEECH 2019
InterSpeech/2019/IS193134.txt	backchannel	INTERSPEECH 2019
InterSpeech/2019/IS193152.txt	turn-taking,spoken dialog	INTERSPEECH 2019
InterSpeech/2021/INDEXSCR.txt	spoken dialog	Hub Page
InterSpeech/2021/IS210120.txt	spoken dialog	INTERSPEECH 2021
InterSpeech/2021/IS210129.txt	backchannel	INTERSPEECH 2021
InterSpeech/2021/IS210171.txt	spoken dialog	INTERSPEECH 2021
InterSpeech/2021/IS210199.txt	backchannel,turn-taking,spoken dialog	INTERSPEECH 2021
InterSpeech/2021/IS210234.txt	spoken dialog	INTERSPEECH 2021
InterSpeech/2021/IS210381.txt	spoken dialog	INTERSPEECH 2021
InterSpeech/2021/IS210548.txt	spoken dialog	INTERSPEECH 2021
InterSpeech/2021/IS210560.txt	backchannel	INTERSPEECH 2021
InterSpeech/2021/IS210708.txt	turn-taking	INTERSPEECH 2021
InterSpeech/2021/IS210861.txt	spoken dialog	INTERSPEECH 2021
InterSpeech/2021/IS210874.txt	turn-taking,spoken dialog	INTERSPEECH 2021
InterSpeech/2021/IS210994.txt	backchannel,turn-taking,spoken dialog	INTERSPEECH 2021
InterSpeech/2021/IS211208.txt	turn-taking	INTERSPEECH 2021
InterSpeech/2021/IS211370.txt	spoken dialog	INTERSPEECH 2021
InterSpeech/2021/IS211460.txt	spoken dialog	INTERSPEECH 2021
InterSpeech/2021/IS211465.txt	spoken dialog	INTERSPEECH 2021
InterSpeech/2021/IS211526.txt	turn-taking	INTERSPEECH 2021
InterSpeech/2021/IS211569.txt	spoken dialog	INTERSPEECH 2021
InterSpeech/2021/IS211600.txt	spoken dialog	INTERSPEECH 2021
InterSpeech/2021/IS211658.txt	turn-taking,spoken dialog	INTERSPEECH 2021
InterSpeech/2021/IS211864.txt	turn-taking	INTERSPEECH 2021
InterSpeech/2021/IS211877.txt	spoken dialog	INTERSPEECH 2021
InterSpeech/2021/IS211908.txt	backchannel,turn-taking	INTERSPEECH 2021
InterSpeech/2021/IS211909.txt	turn-taking	INTERSPEECH 2021
InterSpeech/2021/IS212134.txt	backchannel,turn-taking	INTERSPEECH 2021
InterSpeech/2021/IS218018.txt	spoken dialog	INTERSPEECH 2021: Show & Tell Contribution
InterSpeech/2022/10395_Paper.txt	backchannel	Negative Guided Abstractive Dialogue Summarization
InterSpeech/2022/10470_Paper.txt	spoken dialog	Investigating the influence of personality on acoustic-prosodic entrainment
InterSpeech/2022/10684_Paper.txt	turn-taking	Speech imitation skills predict automatic phonetic convergence: a GMM-UBM
InterSpeech/2022/10808_Paper.txt	spoken dialog	Investigating perception of spoken dialogue acceptability through surprisal
InterSpeech/2022/10842_Paper.txt	backchannel,turn-taking	Modelling Turn-taking in Multispeaker Parties for Realistic Data Simulation
InterSpeech/2022/10927_Paper.txt	backchannel	State & Trait Measurement from Nonverbal Vocalizations:
InterSpeech/2022/10955_Paper.txt	backchannel,turn-taking	Voice Activity Projection: Self-supervised Learning of Turn-taking Events
InterSpeech/2022/10956_Paper.txt	spoken dialog	Phonetic Embedding for ASR Robustness in Entity Resolution
InterSpeech/2022/10959_Paper.txt	backchannel	Toward Zero Oracle Word Error Rate on the Switchboard Benchmark
InterSpeech/2022/11067_Paper.txt	spoken dialog	On joint training with interfaces for spoken language understanding
InterSpeech/2022/11129_Paper.txt	turn-taking	Dyadic Interaction Assessment from Free-living Audio for Depression Severity
InterSpeech/2022/11200_Paper.txt	turn-taking	Analysis of praising skills focusing on utterance contents
InterSpeech/2022/11267_Paper.txt	turn-taking	Speaker conditioned acoustic modeling for
InterSpeech/2022/11288_Paper.txt	backchannel,turn-taking	Bottom-up discovery of structure and variation in response tokens
InterSpeech/2022/11388_Paper.txt	backchannel,turn-taking	Use of Nods Less Synchronized with Turn-Taking and Prosody
InterSpeech/2022/240_Paper.txt	spoken dialog	Induce Spoken Dialog Intents via Deep Unsupervised Context Contrastive
InterSpeech/2022/259_Paper.txt	backchannel,spoken dialog	End-to-End Text-to-Speech Based on Latent Representation of
InterSpeech/2022/300_Paper.txt	spoken dialog	STUDIES: Corpus of Japanese Empathetic Dialogue Speech
InterSpeech/2022/327_Paper.txt	spoken dialog	Japanese ASR-Robust Pre-trained Language Model with Pseudo-Error
InterSpeech/2022/345_Paper.txt	backchannel,spoken dialog	Weak supervision for Question Type Detection with large language models
InterSpeech/2022/347_Paper.txt	turn-taking	What can Speech and Language Tell us About the
InterSpeech/2022/387_Paper.txt	turn-taking	Automatic Detection of Reactive Attachment Disorder Through Turn-Taking
InterSpeech/2022/403_Paper.txt	spoken dialog	Acoustic Modeling for End-to-End Empathetic Dialogue Speech Synthesis
InterSpeech/2022/408_Paper.txt	spoken dialog	Contextual Acoustic Barge-In Classification for Spoken Dialog Systems
InterSpeech/2022/566_paper.txt	backchannel,turn-taking	Turn-Taking Prediction for Natural Conversational Speech
InterSpeech/2022/583_Paper.txt	backchannel	An overview of discourse clicks in Central Swedish
InterSpeech/2022/658_Paper.txt	spoken dialog	Improving Spoken Language Understanding with Cross-Modal Contrastive
InterSpeech/2022/707_Paper.txt	spoken dialog	Improving Streaming End-to-End ASR on Transformer-based Causal Models
InterSpeech/2022/746_Paper.txt	response timing,spoken dialog	Response Timing Estimation for Spoken Dialog System
InterSpeech/2022/816_Paper.txt	spoken dialog	Unsupervised Text-to-Speech Synthesis by Unsupervised Automatic Speech
InterSpeech/2022/81_Paper.txt	backchannel,turn-taking	Overlapped Speech Detection in Broadcast Streams Using X-vectors
InterSpeech/2022/945_Paper.txt	spoken dialog	ESSumm: Extractive Speech Summarization from Untranscribed Meeting
InterSpeech/2022/958_Paper.txt	spoken dialog	Adversarial Knowledge Distillation For Robust Spoken Language
InterSpeech/2022/X9003_paper.txt	spoken dialog	Spoken Dialogue System for Call Centers with Expressive Speech Synthesis
InterSpeech/2023/Mon-O5.04.txt	turn-taking	INTERSPEECH 2023
InterSpeech/2023/Mon-O8.05.txt	spoken dialog	INTERSPEECH 2023
InterSpeech/2023/Mon-P3.03.txt	spoken dialog	INTERSPEECH 2023
InterSpeech/2023/Mon-P6.01.txt	spoken dialog	INTERSPEECH 2023
InterSpeech/2023/Mon-P6.08.txt	spoken dialog	INTERSPEECH 2023
InterSpeech/2023/Mon-SaT.03.txt	spoken dialog	INTERSPEECH 2023
InterSpeech/2023/Mon-SaT.10.txt	spoken dialog	INTERSPEECH 2023
InterSpeech/2023/Thu-O11.01.txt	backchannel	INTERSPEECH 2023
InterSpeech/2023/Thu-O5.02.txt	spoken dialog	INTERSPEECH 2023
InterSpeech/2023/Thu-O5.04.txt	spoken dialog	INTERSPEECH 2023
InterSpeech/2023/Thu-P5.05.txt	backchannel,turn-taking,spoken dialog	INTERSPEECH 2023
InterSpeech/2023/Thu-P5.21.txt	spoken dialog	INTERSPEECH 2023
InterSpeech/2023/Thu-P7.15.txt	response timing	INTERSPEECH 2023
InterSpeech/2023/Tue-O1.05.txt	turn-taking	INTERSPEECH 2023
InterSpeech/2023/Tue-O1.06.txt	turn-taking	INTERSPEECH 2023
InterSpeech/2023/Tue-O5.04.txt	spoken dialog	INTERSPEECH 2023
InterSpeech/2023/Tue-O5.05.txt	spoken dialog	INTERSPEECH 2023
InterSpeech/2023/Tue-P1.16.txt	turn-taking	INTERSPEECH 2023
InterSpeech/2023/Tue-P11.01.txt	spoken dialog	INTERSPEECH 2023
InterSpeech/2023/Tue-P11.03.txt	spoken dialog	INTERSPEECH 2023
InterSpeech/2023/Tue-P11.04.txt	turn-taking,response timing,spoken dialog	INTERSPEECH 2023
InterSpeech/2023/Tue-P11.07.txt	spoken dialog	INTERSPEECH 2023
InterSpeech/2023/Tue-P11.08.txt	backchannel,turn-taking,spoken dialog	INTERSPEECH 2023
InterSpeech/2023/Tue-P11.10.txt	turn-taking,response timing,spoken dialog	INTERSPEECH 2023
InterSpeech/2023/Tue-P11.16.txt	backchannel,turn-taking	INTERSPEECH 2023
InterSpeech/2023/Tue-P11.18.txt	backchannel,turn-taking,spoken dialog	INTERSPEECH 2023
InterSpeech/2023/Tue-P11.19.txt	spoken dialog	INTERSPEECH 2023
InterSpeech/2023/Tue-P4.04.txt	turn-taking	INTERSPEECH 2023
InterSpeech/2023/Tue-P6.07.txt	turn-taking	INTERSPEECH 2023
InterSpeech/2023/Tue-P7.07.txt	turn-taking	INTERSPEECH 2023
InterSpeech/2023/Tue-S2.02.txt	spoken dialog	INTERSPEECH 2023
InterSpeech/2023/Tue-SaT.07.txt	backchannel,turn-taking,spoken dialog	INTERSPEECH 2023
InterSpeech/2023/Wed-O11.04.txt	turn-taking	INTERSPEECH 2023
InterSpeech/2023/Wed-O12.06.txt	turn-taking	INTERSPEECH 2023
InterSpeech/2023/Wed-O16.04.txt	turn-taking	INTERSPEECH 2023
InterSpeech/2023/Wed-O5.06.txt	spoken dialog	INTERSPEECH 2023
InterSpeech/2023/Wed-O8.05.txt	turn-taking	INTERSPEECH 2023
InterSpeech/2023/Wed-P7.15.txt	spoken dialog	INTERSPEECH 2023
InterSpeech/2023/Wed-P9.12.txt	turn-taking	INTERSPEECH 2023
